D:\tmp\try5\IMG\center_2020_09_04_12_30_57_582.jpg,D:\tmp\try5\IMG\left_2020_09_04_12_30_57_582.jpg,D:\tmp\try5\IMG\right_2020_09_04_12_30_57_582.jpg,0,0,0,6.218263
D:\tmp\try5\IMG\center_2020_09_04_12_30_57_663.jpg,D:\tmp\try5\IMG\left_2020_09_04_12_30_57_663.jpg,D:\tmp\try5\IMG\right_2020_09_04_12_30_57_663.jpg,0,0,0,6.16956
D:\tmp\try5\IMG\center_2020_09_04_12_30_57_778.jpg,D:\tmp\try5\IMG\left_2020_09_04_12_30_57_778.jpg,D:\tmp\try5\IMG\right_2020_09_04_12_30_57_778.jpg,0,0,0,6.097235
D:\tmp\try5\IMG\center_2020_09_04_12_30_57_902.jpg,D:\tmp\try5\IMG\left_2020_09_04_12_30_57_902.jpg,D:\tmp\try5\IMG\right_2020_09_04_12_30_57_902.jpg,0,0,0,6.025774
D:\tmp\try5\IMG\center_2020_09_04_12_30_57_987.jpg,D:\tmp\try5\IMG\left_2020_09_04_12_30_57_987.jpg,D:\tmp\try5\IMG\right_2020_09_04_12_30_57_987.jpg,0,0,0,5.978608
D:\tmp\try5\IMG\center_2020_09_04_12_30_58_130.jpg,D:\tmp\try5\IMG\left_2020_09_04_12_30_58_130.jpg,D:\tmp\try5\IMG\right_2020_09_04_12_30_58_130.jpg,0,0,0,5.885135
D:\tmp\try5\IMG\center_2020_09_04_12_30_58_248.jpg,D:\tmp\try5\IMG\left_2020_09_04_12_30_58_248.jpg,D:\tmp\try5\IMG\right_2020_09_04_12_30_58_248.jpg,-0.15,0,0,5.811784
D:\tmp\try5\IMG\center_2020_09_04_12_30_58_361.jpg,D:\tmp\try5\IMG\left_2020_09_04_12_30_58_361.jpg,D:\tmp\try5\IMG\right_2020_09_04_12_30_58_361.jpg,-0.4,0,0,5.729794
D:\tmp\try5\IMG\center_2020_09_04_12_30_58_477.jpg,D:\tmp\try5\IMG\left_2020_09_04_12_30_58_477.jpg,D:\tmp\try5\IMG\right_2020_09_04_12_30_58_477.jpg,-0.7,0,0,5.607632
D:\tmp\try5\IMG\center_2020_09_04_12_30_58_591.jpg,D:\tmp\try5\IMG\left_2020_09_04_12_30_58_591.jpg,D:\tmp\try5\IMG\right_2020_09_04_12_30_58_591.jpg,-1,0,0,5.455844
D:\tmp\try5\IMG\center_2020_09_04_12_30_58_708.jpg,D:\tmp\try5\IMG\left_2020_09_04_12_30_58_708.jpg,D:\tmp\try5\IMG\right_2020_09_04_12_30_58_708.jpg,-1,0,0,5.351454
D:\tmp\try5\IMG\center_2020_09_04_12_30_58_843.jpg,D:\tmp\try5\IMG\left_2020_09_04_12_30_58_843.jpg,D:\tmp\try5\IMG\right_2020_09_04_12_30_58_843.jpg,0,0,0,5.14672
D:\tmp\try5\IMG\center_2020_09_04_12_30_58_913.jpg,D:\tmp\try5\IMG\left_2020_09_04_12_30_58_913.jpg,D:\tmp\try5\IMG\right_2020_09_04_12_30_58_913.jpg,0,0,0,5.090653
D:\tmp\try5\IMG\center_2020_09_04_12_30_59_025.jpg,D:\tmp\try5\IMG\left_2020_09_04_12_30_59_025.jpg,D:\tmp\try5\IMG\right_2020_09_04_12_30_59_025.jpg,0,0,0,5.042495
D:\tmp\try5\IMG\center_2020_09_04_12_30_59_167.jpg,D:\tmp\try5\IMG\left_2020_09_04_12_30_59_167.jpg,D:\tmp\try5\IMG\right_2020_09_04_12_30_59_167.jpg,0,0,0,4.976638
D:\tmp\try5\IMG\center_2020_09_04_12_30_59_292.jpg,D:\tmp\try5\IMG\left_2020_09_04_12_30_59_292.jpg,D:\tmp\try5\IMG\right_2020_09_04_12_30_59_292.jpg,0,0,0,4.911728
D:\tmp\try5\IMG\center_2020_09_04_12_30_59_360.jpg,D:\tmp\try5\IMG\left_2020_09_04_12_30_59_360.jpg,D:\tmp\try5\IMG\right_2020_09_04_12_30_59_360.jpg,0,0,0,4.88419
D:\tmp\try5\IMG\center_2020_09_04_12_30_59_429.jpg,D:\tmp\try5\IMG\left_2020_09_04_12_30_59_429.jpg,D:\tmp\try5\IMG\right_2020_09_04_12_30_59_429.jpg,0,0,0,4.847729
D:\tmp\try5\IMG\center_2020_09_04_12_30_59_542.jpg,D:\tmp\try5\IMG\left_2020_09_04_12_30_59_542.jpg,D:\tmp\try5\IMG\right_2020_09_04_12_30_59_542.jpg,-0.15,0,0,4.799412
D:\tmp\try5\IMG\center_2020_09_04_12_30_59_677.jpg,D:\tmp\try5\IMG\left_2020_09_04_12_30_59_677.jpg,D:\tmp\try5\IMG\right_2020_09_04_12_30_59_677.jpg,-0.5000001,0,0,4.705102
D:\tmp\try5\IMG\center_2020_09_04_12_30_59_804.jpg,D:\tmp\try5\IMG\left_2020_09_04_12_30_59_804.jpg,D:\tmp\try5\IMG\right_2020_09_04_12_30_59_804.jpg,0,0,0,4.630241
D:\tmp\try5\IMG\center_2020_09_04_12_30_59_878.jpg,D:\tmp\try5\IMG\left_2020_09_04_12_30_59_878.jpg,D:\tmp\try5\IMG\right_2020_09_04_12_30_59_878.jpg,0,0,0,4.595329
D:\tmp\try5\IMG\center_2020_09_04_12_30_59_947.jpg,D:\tmp\try5\IMG\left_2020_09_04_12_30_59_947.jpg,D:\tmp\try5\IMG\right_2020_09_04_12_30_59_947.jpg,0,0,0,4.569267
D:\tmp\try5\IMG\center_2020_09_04_12_31_00_089.jpg,D:\tmp\try5\IMG\left_2020_09_04_12_31_00_089.jpg,D:\tmp\try5\IMG\right_2020_09_04_12_31_00_089.jpg,0,0,0,4.500448
D:\tmp\try5\IMG\center_2020_09_04_12_31_00_172.jpg,D:\tmp\try5\IMG\left_2020_09_04_12_31_00_172.jpg,D:\tmp\try5\IMG\right_2020_09_04_12_31_00_172.jpg,0,0,0,4.466287
D:\tmp\try5\IMG\center_2020_09_04_12_31_00_238.jpg,D:\tmp\try5\IMG\left_2020_09_04_12_31_00_238.jpg,D:\tmp\try5\IMG\right_2020_09_04_12_31_00_238.jpg,0,0,0,4.440848
D:\tmp\try5\IMG\center_2020_09_04_12_31_00_316.jpg,D:\tmp\try5\IMG\left_2020_09_04_12_31_00_316.jpg,D:\tmp\try5\IMG\right_2020_09_04_12_31_00_316.jpg,0,0,0,4.407169
D:\tmp\try5\IMG\center_2020_09_04_12_31_00_468.jpg,D:\tmp\try5\IMG\left_2020_09_04_12_31_00_468.jpg,D:\tmp\try5\IMG\right_2020_09_04_12_31_00_468.jpg,0,0,0,4.348886
D:\tmp\try5\IMG\center_2020_09_04_12_31_00_573.jpg,D:\tmp\try5\IMG\left_2020_09_04_12_31_00_573.jpg,D:\tmp\try5\IMG\right_2020_09_04_12_31_00_573.jpg,-0.3,0,0,4.287841
D:\tmp\try5\IMG\center_2020_09_04_12_31_00_683.jpg,D:\tmp\try5\IMG\left_2020_09_04_12_31_00_683.jpg,D:\tmp\try5\IMG\right_2020_09_04_12_31_00_683.jpg,-0.5500001,0,0,4.22191
D:\tmp\try5\IMG\center_2020_09_04_12_31_00_808.jpg,D:\tmp\try5\IMG\left_2020_09_04_12_31_00_808.jpg,D:\tmp\try5\IMG\right_2020_09_04_12_31_00_808.jpg,-0.9000002,0,0,4.106148
D:\tmp\try5\IMG\center_2020_09_04_12_31_00_890.jpg,D:\tmp\try5\IMG\left_2020_09_04_12_31_00_890.jpg,D:\tmp\try5\IMG\right_2020_09_04_12_31_00_890.jpg,-1,0,0,4.036396
D:\tmp\try5\IMG\center_2020_09_04_12_31_01_005.jpg,D:\tmp\try5\IMG\left_2020_09_04_12_31_01_005.jpg,D:\tmp\try5\IMG\right_2020_09_04_12_31_01_005.jpg,0,0,0,3.888937
D:\tmp\try5\IMG\center_2020_09_04_12_31_01_084.jpg,D:\tmp\try5\IMG\left_2020_09_04_12_31_01_084.jpg,D:\tmp\try5\IMG\right_2020_09_04_12_31_01_084.jpg,0,0,0,3.858703
D:\tmp\try5\IMG\center_2020_09_04_12_31_01_235.jpg,D:\tmp\try5\IMG\left_2020_09_04_12_31_01_235.jpg,D:\tmp\try5\IMG\right_2020_09_04_12_31_01_235.jpg,0,0,0,3.80043
D:\tmp\try5\IMG\center_2020_09_04_12_31_01_307.jpg,D:\tmp\try5\IMG\left_2020_09_04_12_31_01_307.jpg,D:\tmp\try5\IMG\right_2020_09_04_12_31_01_307.jpg,0,0,0,3.771662
D:\tmp\try5\IMG\center_2020_09_04_12_31_01_441.jpg,D:\tmp\try5\IMG\left_2020_09_04_12_31_01_441.jpg,D:\tmp\try5\IMG\right_2020_09_04_12_31_01_441.jpg,0,0,0,3.727983
D:\tmp\try5\IMG\center_2020_09_04_12_31_01_520.jpg,D:\tmp\try5\IMG\left_2020_09_04_12_31_01_520.jpg,D:\tmp\try5\IMG\right_2020_09_04_12_31_01_520.jpg,0,0,0,3.699159
D:\tmp\try5\IMG\center_2020_09_04_12_31_01_636.jpg,D:\tmp\try5\IMG\left_2020_09_04_12_31_01_636.jpg,D:\tmp\try5\IMG\right_2020_09_04_12_31_01_636.jpg,0,0,0.1566318,3.623737
D:\tmp\try5\IMG\center_2020_09_04_12_31_01_704.jpg,D:\tmp\try5\IMG\left_2020_09_04_12_31_01_704.jpg,D:\tmp\try5\IMG\right_2020_09_04_12_31_01_704.jpg,0,0,0,3.601015
D:\tmp\try5\IMG\center_2020_09_04_12_31_01_861.jpg,D:\tmp\try5\IMG\left_2020_09_04_12_31_01_861.jpg,D:\tmp\try5\IMG\right_2020_09_04_12_31_01_861.jpg,0,0,0,3.545294
D:\tmp\try5\IMG\center_2020_09_04_12_31_01_989.jpg,D:\tmp\try5\IMG\left_2020_09_04_12_31_01_989.jpg,D:\tmp\try5\IMG\right_2020_09_04_12_31_01_989.jpg,0,0,0,3.497273
D:\tmp\try5\IMG\center_2020_09_04_12_31_02_145.jpg,D:\tmp\try5\IMG\left_2020_09_04_12_31_02_145.jpg,D:\tmp\try5\IMG\right_2020_09_04_12_31_02_145.jpg,0,0,0,3.449931
D:\tmp\try5\IMG\center_2020_09_04_12_31_02_249.jpg,D:\tmp\try5\IMG\left_2020_09_04_12_31_02_249.jpg,D:\tmp\try5\IMG\right_2020_09_04_12_31_02_249.jpg,0,0,0,3.409881
D:\tmp\try5\IMG\center_2020_09_04_12_31_02_349.jpg,D:\tmp\try5\IMG\left_2020_09_04_12_31_02_349.jpg,D:\tmp\try5\IMG\right_2020_09_04_12_31_02_349.jpg,0,0,0.2994021,3.286734
D:\tmp\try5\IMG\center_2020_09_04_12_31_02_496.jpg,D:\tmp\try5\IMG\left_2020_09_04_12_31_02_496.jpg,D:\tmp\try5\IMG\right_2020_09_04_12_31_02_496.jpg,0,0,0.7367277,2.876615
D:\tmp\try5\IMG\center_2020_09_04_12_31_02_621.jpg,D:\tmp\try5\IMG\left_2020_09_04_12_31_02_621.jpg,D:\tmp\try5\IMG\right_2020_09_04_12_31_02_621.jpg,0,0,0.3579513,2.67775
D:\tmp\try5\IMG\center_2020_09_04_12_31_02_766.jpg,D:\tmp\try5\IMG\left_2020_09_04_12_31_02_766.jpg,D:\tmp\try5\IMG\right_2020_09_04_12_31_02_766.jpg,0,0,0.01876323,2.602729
D:\tmp\try5\IMG\center_2020_09_04_12_31_26_923.jpg,D:\tmp\try5\IMG\left_2020_09_04_12_31_26_923.jpg,D:\tmp\try5\IMG\right_2020_09_04_12_31_26_923.jpg,0,0,0,5.295732E-05
D:\tmp\try5\IMG\center_2020_09_04_12_31_27_002.jpg,D:\tmp\try5\IMG\left_2020_09_04_12_31_27_002.jpg,D:\tmp\try5\IMG\right_2020_09_04_12_31_27_002.jpg,0,0,0,5.324249E-05
D:\tmp\try5\IMG\center_2020_09_04_12_31_27_118.jpg,D:\tmp\try5\IMG\left_2020_09_04_12_31_27_118.jpg,D:\tmp\try5\IMG\right_2020_09_04_12_31_27_118.jpg,-0.15,0,0,5.437318E-05
D:\tmp\try5\IMG\center_2020_09_04_12_31_27_201.jpg,D:\tmp\try5\IMG\left_2020_09_04_12_31_27_201.jpg,D:\tmp\try5\IMG\right_2020_09_04_12_31_27_201.jpg,-0.35,0,0,4.91862E-05
D:\tmp\try5\IMG\center_2020_09_04_12_31_27_307.jpg,D:\tmp\try5\IMG\left_2020_09_04_12_31_27_307.jpg,D:\tmp\try5\IMG\right_2020_09_04_12_31_27_307.jpg,-0.6000001,0,0,4.941353E-05
D:\tmp\try5\IMG\center_2020_09_04_12_31_27_386.jpg,D:\tmp\try5\IMG\left_2020_09_04_12_31_27_386.jpg,D:\tmp\try5\IMG\right_2020_09_04_12_31_27_386.jpg,-0.8000001,0,0,5.286522E-05
D:\tmp\try5\IMG\center_2020_09_04_12_31_27_528.jpg,D:\tmp\try5\IMG\left_2020_09_04_12_31_27_528.jpg,D:\tmp\try5\IMG\right_2020_09_04_12_31_27_528.jpg,0,0.2213394,0,0.2295137
D:\tmp\try5\IMG\center_2020_09_04_12_31_27_657.jpg,D:\tmp\try5\IMG\left_2020_09_04_12_31_27_657.jpg,D:\tmp\try5\IMG\right_2020_09_04_12_31_27_657.jpg,0,0.6146004,0,0.8545257
D:\tmp\try5\IMG\center_2020_09_04_12_31_27_765.jpg,D:\tmp\try5\IMG\left_2020_09_04_12_31_27_765.jpg,D:\tmp\try5\IMG\right_2020_09_04_12_31_27_765.jpg,0,0.9336903,0,2.105258
D:\tmp\try5\IMG\center_2020_09_04_12_31_27_876.jpg,D:\tmp\try5\IMG\left_2020_09_04_12_31_27_876.jpg,D:\tmp\try5\IMG\right_2020_09_04_12_31_27_876.jpg,0,1,0,3.514529
D:\tmp\try5\IMG\center_2020_09_04_12_31_27_996.jpg,D:\tmp\try5\IMG\left_2020_09_04_12_31_27_996.jpg,D:\tmp\try5\IMG\right_2020_09_04_12_31_27_996.jpg,-0.3,0.6358162,0,4.526313
D:\tmp\try5\IMG\center_2020_09_04_12_31_28_124.jpg,D:\tmp\try5\IMG\left_2020_09_04_12_31_28_124.jpg,D:\tmp\try5\IMG\right_2020_09_04_12_31_28_124.jpg,-0.6000001,0.2558146,0,4.961045
D:\tmp\try5\IMG\center_2020_09_04_12_31_28_254.jpg,D:\tmp\try5\IMG\left_2020_09_04_12_31_28_254.jpg,D:\tmp\try5\IMG\right_2020_09_04_12_31_28_254.jpg,-0.9500002,0,0,4.881508
D:\tmp\try5\IMG\center_2020_09_04_12_31_28_385.jpg,D:\tmp\try5\IMG\left_2020_09_04_12_31_28_385.jpg,D:\tmp\try5\IMG\right_2020_09_04_12_31_28_385.jpg,-0.2,0.3917727,0,5.171034
D:\tmp\try5\IMG\center_2020_09_04_12_31_28_496.jpg,D:\tmp\try5\IMG\left_2020_09_04_12_31_28_496.jpg,D:\tmp\try5\IMG\right_2020_09_04_12_31_28_496.jpg,-0.5000001,0.0516357,0,5.315254
D:\tmp\try5\IMG\center_2020_09_04_12_31_28_619.jpg,D:\tmp\try5\IMG\left_2020_09_04_12_31_28_619.jpg,D:\tmp\try5\IMG\right_2020_09_04_12_31_28_619.jpg,-0.8000001,0,0,5.197612
D:\tmp\try5\IMG\center_2020_09_04_12_31_28_758.jpg,D:\tmp\try5\IMG\left_2020_09_04_12_31_28_758.jpg,D:\tmp\try5\IMG\right_2020_09_04_12_31_28_758.jpg,0,0,0,5.055487
D:\tmp\try5\IMG\center_2020_09_04_12_31_28_872.jpg,D:\tmp\try5\IMG\left_2020_09_04_12_31_28_872.jpg,D:\tmp\try5\IMG\right_2020_09_04_12_31_28_872.jpg,0,0,0,4.9972
D:\tmp\try5\IMG\center_2020_09_04_12_31_28_945.jpg,D:\tmp\try5\IMG\left_2020_09_04_12_31_28_945.jpg,D:\tmp\try5\IMG\right_2020_09_04_12_31_28_945.jpg,0,0,0,4.968424
D:\tmp\try5\IMG\center_2020_09_04_12_31_29_055.jpg,D:\tmp\try5\IMG\left_2020_09_04_12_31_29_055.jpg,D:\tmp\try5\IMG\right_2020_09_04_12_31_29_055.jpg,-0.15,0,0,4.908198
D:\tmp\try5\IMG\center_2020_09_04_12_31_29_134.jpg,D:\tmp\try5\IMG\left_2020_09_04_12_31_29_134.jpg,D:\tmp\try5\IMG\right_2020_09_04_12_31_29_134.jpg,-0.35,0,0,4.855593
D:\tmp\try5\IMG\center_2020_09_04_12_31_29_270.jpg,D:\tmp\try5\IMG\left_2020_09_04_12_31_29_270.jpg,D:\tmp\try5\IMG\right_2020_09_04_12_31_29_270.jpg,0,0,0,4.781079
D:\tmp\try5\IMG\center_2020_09_04_12_31_29_376.jpg,D:\tmp\try5\IMG\left_2020_09_04_12_31_29_376.jpg,D:\tmp\try5\IMG\right_2020_09_04_12_31_29_376.jpg,0,0,0,4.735512
D:\tmp\try5\IMG\center_2020_09_04_12_31_29_499.jpg,D:\tmp\try5\IMG\left_2020_09_04_12_31_29_499.jpg,D:\tmp\try5\IMG\right_2020_09_04_12_31_29_499.jpg,-0.15,0,0,4.678416
D:\tmp\try5\IMG\center_2020_09_04_12_31_29_571.jpg,D:\tmp\try5\IMG\left_2020_09_04_12_31_29_571.jpg,D:\tmp\try5\IMG\right_2020_09_04_12_31_29_571.jpg,-0.35,0,0,4.628582
D:\tmp\try5\IMG\center_2020_09_04_12_31_29_639.jpg,D:\tmp\try5\IMG\left_2020_09_04_12_31_29_639.jpg,D:\tmp\try5\IMG\right_2020_09_04_12_31_29_639.jpg,-0.5000001,0,0,4.585322
D:\tmp\try5\IMG\center_2020_09_04_12_31_29_752.jpg,D:\tmp\try5\IMG\left_2020_09_04_12_31_29_752.jpg,D:\tmp\try5\IMG\right_2020_09_04_12_31_29_752.jpg,0,0,0,4.511006
D:\tmp\try5\IMG\center_2020_09_04_12_31_29_835.jpg,D:\tmp\try5\IMG\left_2020_09_04_12_31_29_835.jpg,D:\tmp\try5\IMG\right_2020_09_04_12_31_29_835.jpg,0,0,0,4.476847
D:\tmp\try5\IMG\center_2020_09_04_12_31_29_945.jpg,D:\tmp\try5\IMG\left_2020_09_04_12_31_29_945.jpg,D:\tmp\try5\IMG\right_2020_09_04_12_31_29_945.jpg,-0.25,0,0,4.426372
D:\tmp\try5\IMG\center_2020_09_04_12_31_30_069.jpg,D:\tmp\try5\IMG\left_2020_09_04_12_31_30_069.jpg,D:\tmp\try5\IMG\right_2020_09_04_12_31_30_069.jpg,0,0,0,4.364171
D:\tmp\try5\IMG\center_2020_09_04_12_31_30_212.jpg,D:\tmp\try5\IMG\left_2020_09_04_12_31_30_212.jpg,D:\tmp\try5\IMG\right_2020_09_04_12_31_30_212.jpg,0,0,0,4.303193
D:\tmp\try5\IMG\center_2020_09_04_12_31_30_338.jpg,D:\tmp\try5\IMG\left_2020_09_04_12_31_30_338.jpg,D:\tmp\try5\IMG\right_2020_09_04_12_31_30_338.jpg,-0.2,0,0,4.249858
D:\tmp\try5\IMG\center_2020_09_04_12_31_30_462.jpg,D:\tmp\try5\IMG\left_2020_09_04_12_31_30_462.jpg,D:\tmp\try5\IMG\right_2020_09_04_12_31_30_462.jpg,0,0,0,4.189712
D:\tmp\try5\IMG\center_2020_09_04_12_31_30_575.jpg,D:\tmp\try5\IMG\left_2020_09_04_12_31_30_575.jpg,D:\tmp\try5\IMG\right_2020_09_04_12_31_30_575.jpg,-0.3,0,0,4.132746
D:\tmp\try5\IMG\center_2020_09_04_12_31_30_722.jpg,D:\tmp\try5\IMG\left_2020_09_04_12_31_30_722.jpg,D:\tmp\try5\IMG\right_2020_09_04_12_31_30_722.jpg,-0.2,0,0,4.069226
D:\tmp\try5\IMG\center_2020_09_04_12_31_30_826.jpg,D:\tmp\try5\IMG\left_2020_09_04_12_31_30_826.jpg,D:\tmp\try5\IMG\right_2020_09_04_12_31_30_826.jpg,0,0,0,4.018775
D:\tmp\try5\IMG\center_2020_09_04_12_31_30_950.jpg,D:\tmp\try5\IMG\left_2020_09_04_12_31_30_950.jpg,D:\tmp\try5\IMG\right_2020_09_04_12_31_30_950.jpg,-0.15,0,0,3.962464
D:\tmp\try5\IMG\center_2020_09_04_12_31_31_038.jpg,D:\tmp\try5\IMG\left_2020_09_04_12_31_31_038.jpg,D:\tmp\try5\IMG\right_2020_09_04_12_31_31_038.jpg,0,0,0,3.931062
D:\tmp\try5\IMG\center_2020_09_04_12_31_31_142.jpg,D:\tmp\try5\IMG\left_2020_09_04_12_31_31_142.jpg,D:\tmp\try5\IMG\right_2020_09_04_12_31_31_142.jpg,-0.15,0,0,3.891012
D:\tmp\try5\IMG\center_2020_09_04_12_31_31_221.jpg,D:\tmp\try5\IMG\left_2020_09_04_12_31_31_221.jpg,D:\tmp\try5\IMG\right_2020_09_04_12_31_31_221.jpg,0,0,0,3.860226
D:\tmp\try5\IMG\center_2020_09_04_12_31_31_335.jpg,D:\tmp\try5\IMG\left_2020_09_04_12_31_31_335.jpg,D:\tmp\try5\IMG\right_2020_09_04_12_31_31_335.jpg,-0.3,0,0,3.806022
D:\tmp\try5\IMG\center_2020_09_04_12_31_31_411.jpg,D:\tmp\try5\IMG\left_2020_09_04_12_31_31_411.jpg,D:\tmp\try5\IMG\right_2020_09_04_12_31_31_411.jpg,0,0,0,3.77103
D:\tmp\try5\IMG\center_2020_09_04_12_31_31_532.jpg,D:\tmp\try5\IMG\left_2020_09_04_12_31_31_532.jpg,D:\tmp\try5\IMG\right_2020_09_04_12_31_31_532.jpg,0,0,0,3.726294
D:\tmp\try5\IMG\center_2020_09_04_12_31_31_651.jpg,D:\tmp\try5\IMG\left_2020_09_04_12_31_31_651.jpg,D:\tmp\try5\IMG\right_2020_09_04_12_31_31_651.jpg,-0.15,0,0,3.680411
D:\tmp\try5\IMG\center_2020_09_04_12_31_31_771.jpg,D:\tmp\try5\IMG\left_2020_09_04_12_31_31_771.jpg,D:\tmp\try5\IMG\right_2020_09_04_12_31_31_771.jpg,0,0,0,3.636953
D:\tmp\try5\IMG\center_2020_09_04_12_31_31_842.jpg,D:\tmp\try5\IMG\left_2020_09_04_12_31_31_842.jpg,D:\tmp\try5\IMG\right_2020_09_04_12_31_31_842.jpg,-0.15,0,0,3.613203
D:\tmp\try5\IMG\center_2020_09_04_12_31_31_966.jpg,D:\tmp\try5\IMG\left_2020_09_04_12_31_31_966.jpg,D:\tmp\try5\IMG\right_2020_09_04_12_31_31_966.jpg,0,0,0,3.570567
D:\tmp\try5\IMG\center_2020_09_04_12_31_32_089.jpg,D:\tmp\try5\IMG\left_2020_09_04_12_31_32_089.jpg,D:\tmp\try5\IMG\right_2020_09_04_12_31_32_089.jpg,0,0,0,3.519025
D:\tmp\try5\IMG\center_2020_09_04_12_31_32_234.jpg,D:\tmp\try5\IMG\left_2020_09_04_12_31_32_234.jpg,D:\tmp\try5\IMG\right_2020_09_04_12_31_32_234.jpg,-0.2,0,0,3.467046
D:\tmp\try5\IMG\center_2020_09_04_12_31_32_353.jpg,D:\tmp\try5\IMG\left_2020_09_04_12_31_32_353.jpg,D:\tmp\try5\IMG\right_2020_09_04_12_31_32_353.jpg,0,0,0,3.425204
D:\tmp\try5\IMG\center_2020_09_04_12_31_32_477.jpg,D:\tmp\try5\IMG\left_2020_09_04_12_31_32_477.jpg,D:\tmp\try5\IMG\right_2020_09_04_12_31_32_477.jpg,0,0,0,3.383611
D:\tmp\try5\IMG\center_2020_09_04_12_31_32_591.jpg,D:\tmp\try5\IMG\left_2020_09_04_12_31_32_591.jpg,D:\tmp\try5\IMG\right_2020_09_04_12_31_32_591.jpg,-0.15,0,0,3.341173
D:\tmp\try5\IMG\center_2020_09_04_12_31_32_674.jpg,D:\tmp\try5\IMG\left_2020_09_04_12_31_32_674.jpg,D:\tmp\try5\IMG\right_2020_09_04_12_31_32_674.jpg,0,0,0,3.313993
D:\tmp\try5\IMG\center_2020_09_04_12_31_32_781.jpg,D:\tmp\try5\IMG\left_2020_09_04_12_31_32_781.jpg,D:\tmp\try5\IMG\right_2020_09_04_12_31_32_781.jpg,-0.15,0,0,3.278735
D:\tmp\try5\IMG\center_2020_09_04_12_31_32_909.jpg,D:\tmp\try5\IMG\left_2020_09_04_12_31_32_909.jpg,D:\tmp\try5\IMG\right_2020_09_04_12_31_32_909.jpg,0,0,0,3.232337
D:\tmp\try5\IMG\center_2020_09_04_12_31_33_032.jpg,D:\tmp\try5\IMG\left_2020_09_04_12_31_33_032.jpg,D:\tmp\try5\IMG\right_2020_09_04_12_31_33_032.jpg,-0.3,0,0,3.184118
D:\tmp\try5\IMG\center_2020_09_04_12_31_33_169.jpg,D:\tmp\try5\IMG\left_2020_09_04_12_31_33_169.jpg,D:\tmp\try5\IMG\right_2020_09_04_12_31_33_169.jpg,-0.6500001,0,0,3.107881
D:\tmp\try5\IMG\center_2020_09_04_12_31_33_290.jpg,D:\tmp\try5\IMG\left_2020_09_04_12_31_33_290.jpg,D:\tmp\try5\IMG\right_2020_09_04_12_31_33_290.jpg,-0.9500002,0,0,3.022594
D:\tmp\try5\IMG\center_2020_09_04_12_31_33_425.jpg,D:\tmp\try5\IMG\left_2020_09_04_12_31_33_425.jpg,D:\tmp\try5\IMG\right_2020_09_04_12_31_33_425.jpg,-1,0,0,2.951453
D:\tmp\try5\IMG\center_2020_09_04_12_31_33_533.jpg,D:\tmp\try5\IMG\left_2020_09_04_12_31_33_533.jpg,D:\tmp\try5\IMG\right_2020_09_04_12_31_33_533.jpg,0,0,0,2.822217
D:\tmp\try5\IMG\center_2020_09_04_12_31_33_603.jpg,D:\tmp\try5\IMG\left_2020_09_04_12_31_33_603.jpg,D:\tmp\try5\IMG\right_2020_09_04_12_31_33_603.jpg,0,0,0,2.803396
D:\tmp\try5\IMG\center_2020_09_04_12_31_33_728.jpg,D:\tmp\try5\IMG\left_2020_09_04_12_31_33_728.jpg,D:\tmp\try5\IMG\right_2020_09_04_12_31_33_728.jpg,0,0,0,2.764047
D:\tmp\try5\IMG\center_2020_09_04_12_31_33_843.jpg,D:\tmp\try5\IMG\left_2020_09_04_12_31_33_843.jpg,D:\tmp\try5\IMG\right_2020_09_04_12_31_33_843.jpg,0,0,0,2.736313
D:\tmp\try5\IMG\center_2020_09_04_12_31_33_912.jpg,D:\tmp\try5\IMG\left_2020_09_04_12_31_33_912.jpg,D:\tmp\try5\IMG\right_2020_09_04_12_31_33_912.jpg,0,0,0,2.714326
D:\tmp\try5\IMG\center_2020_09_04_12_31_34_038.jpg,D:\tmp\try5\IMG\left_2020_09_04_12_31_34_038.jpg,D:\tmp\try5\IMG\right_2020_09_04_12_31_34_038.jpg,0,0.2048688,0,2.807844
D:\tmp\try5\IMG\center_2020_09_04_12_31_34_157.jpg,D:\tmp\try5\IMG\left_2020_09_04_12_31_34_157.jpg,D:\tmp\try5\IMG\right_2020_09_04_12_31_34_157.jpg,0,0.5593785,0,3.484257
D:\tmp\try5\IMG\center_2020_09_04_12_31_34_277.jpg,D:\tmp\try5\IMG\left_2020_09_04_12_31_34_277.jpg,D:\tmp\try5\IMG\right_2020_09_04_12_31_34_277.jpg,0,0.918078,0,4.627248
D:\tmp\try5\IMG\center_2020_09_04_12_31_34_357.jpg,D:\tmp\try5\IMG\left_2020_09_04_12_31_34_357.jpg,D:\tmp\try5\IMG\right_2020_09_04_12_31_34_357.jpg,0,1,0,5.551794
D:\tmp\try5\IMG\center_2020_09_04_12_31_34_472.jpg,D:\tmp\try5\IMG\left_2020_09_04_12_31_34_472.jpg,D:\tmp\try5\IMG\right_2020_09_04_12_31_34_472.jpg,0,0.7857517,0,6.737854
D:\tmp\try5\IMG\center_2020_09_04_12_31_34_589.jpg,D:\tmp\try5\IMG\left_2020_09_04_12_31_34_589.jpg,D:\tmp\try5\IMG\right_2020_09_04_12_31_34_589.jpg,0,0.4354342,0,7.398601
D:\tmp\try5\IMG\center_2020_09_04_12_31_34_713.jpg,D:\tmp\try5\IMG\left_2020_09_04_12_31_34_713.jpg,D:\tmp\try5\IMG\right_2020_09_04_12_31_34_713.jpg,0,0.06213549,0,7.561166
D:\tmp\try5\IMG\center_2020_09_04_12_31_34_836.jpg,D:\tmp\try5\IMG\left_2020_09_04_12_31_34_836.jpg,D:\tmp\try5\IMG\right_2020_09_04_12_31_34_836.jpg,0,0,0,7.474369
D:\tmp\try5\IMG\center_2020_09_04_12_31_34_911.jpg,D:\tmp\try5\IMG\left_2020_09_04_12_31_34_911.jpg,D:\tmp\try5\IMG\right_2020_09_04_12_31_34_911.jpg,0,0,0,7.414299
D:\tmp\try5\IMG\center_2020_09_04_12_31_35_036.jpg,D:\tmp\try5\IMG\left_2020_09_04_12_31_35_036.jpg,D:\tmp\try5\IMG\right_2020_09_04_12_31_35_036.jpg,0,0,0,7.325098
D:\tmp\try5\IMG\center_2020_09_04_12_31_35_140.jpg,D:\tmp\try5\IMG\left_2020_09_04_12_31_35_140.jpg,D:\tmp\try5\IMG\right_2020_09_04_12_31_35_140.jpg,0,0,0,7.251583
D:\tmp\try5\IMG\center_2020_09_04_12_31_35_281.jpg,D:\tmp\try5\IMG\left_2020_09_04_12_31_35_281.jpg,D:\tmp\try5\IMG\right_2020_09_04_12_31_35_281.jpg,0,0,0,7.149903
D:\tmp\try5\IMG\center_2020_09_04_12_31_35_404.jpg,D:\tmp\try5\IMG\left_2020_09_04_12_31_35_404.jpg,D:\tmp\try5\IMG\right_2020_09_04_12_31_35_404.jpg,0,0,0,7.063883
D:\tmp\try5\IMG\center_2020_09_04_12_31_55_038.jpg,D:\tmp\try5\IMG\left_2020_09_04_12_31_55_038.jpg,D:\tmp\try5\IMG\right_2020_09_04_12_31_55_038.jpg,0,0,0,2.597518
D:\tmp\try5\IMG\center_2020_09_04_12_31_55_154.jpg,D:\tmp\try5\IMG\left_2020_09_04_12_31_55_154.jpg,D:\tmp\try5\IMG\right_2020_09_04_12_31_55_154.jpg,0,0,0,2.564399
D:\tmp\try5\IMG\center_2020_09_04_12_31_55_262.jpg,D:\tmp\try5\IMG\left_2020_09_04_12_31_55_262.jpg,D:\tmp\try5\IMG\right_2020_09_04_12_31_55_262.jpg,0,0,0,2.537109
D:\tmp\try5\IMG\center_2020_09_04_12_31_55_333.jpg,D:\tmp\try5\IMG\left_2020_09_04_12_31_55_333.jpg,D:\tmp\try5\IMG\right_2020_09_04_12_31_55_333.jpg,0,0,0,2.515472
D:\tmp\try5\IMG\center_2020_09_04_12_31_55_444.jpg,D:\tmp\try5\IMG\left_2020_09_04_12_31_55_444.jpg,D:\tmp\try5\IMG\right_2020_09_04_12_31_55_444.jpg,0,0,0,2.488672
D:\tmp\try5\IMG\center_2020_09_04_12_31_55_522.jpg,D:\tmp\try5\IMG\left_2020_09_04_12_31_55_522.jpg,D:\tmp\try5\IMG\right_2020_09_04_12_31_55_522.jpg,-0.2,0,0,2.464524
D:\tmp\try5\IMG\center_2020_09_04_12_31_55_657.jpg,D:\tmp\try5\IMG\left_2020_09_04_12_31_55_657.jpg,D:\tmp\try5\IMG\right_2020_09_04_12_31_55_657.jpg,-0.5500001,0,0,2.411482
D:\tmp\try5\IMG\center_2020_09_04_12_31_55_766.jpg,D:\tmp\try5\IMG\left_2020_09_04_12_31_55_766.jpg,D:\tmp\try5\IMG\right_2020_09_04_12_31_55_766.jpg,-0.8000001,0,0,2.364538
D:\tmp\try5\IMG\center_2020_09_04_12_31_55_873.jpg,D:\tmp\try5\IMG\left_2020_09_04_12_31_55_873.jpg,D:\tmp\try5\IMG\right_2020_09_04_12_31_55_873.jpg,-1,0,0,2.300627
D:\tmp\try5\IMG\center_2020_09_04_12_31_55_957.jpg,D:\tmp\try5\IMG\left_2020_09_04_12_31_55_957.jpg,D:\tmp\try5\IMG\right_2020_09_04_12_31_55_957.jpg,0,0,0,2.214201
D:\tmp\try5\IMG\center_2020_09_04_12_31_56_075.jpg,D:\tmp\try5\IMG\left_2020_09_04_12_31_56_075.jpg,D:\tmp\try5\IMG\right_2020_09_04_12_31_56_075.jpg,0,0,0,2.186275
D:\tmp\try5\IMG\center_2020_09_04_12_31_56_194.jpg,D:\tmp\try5\IMG\left_2020_09_04_12_31_56_194.jpg,D:\tmp\try5\IMG\right_2020_09_04_12_31_56_194.jpg,0,0,0,2.158947
D:\tmp\try5\IMG\center_2020_09_04_12_31_56_298.jpg,D:\tmp\try5\IMG\left_2020_09_04_12_31_56_298.jpg,D:\tmp\try5\IMG\right_2020_09_04_12_31_56_298.jpg,0,0,0,2.136428
D:\tmp\try5\IMG\center_2020_09_04_12_31_56_383.jpg,D:\tmp\try5\IMG\left_2020_09_04_12_31_56_383.jpg,D:\tmp\try5\IMG\right_2020_09_04_12_31_56_383.jpg,0,0,0,2.118575
D:\tmp\try5\IMG\center_2020_09_04_12_31_56_491.jpg,D:\tmp\try5\IMG\left_2020_09_04_12_31_56_491.jpg,D:\tmp\try5\IMG\right_2020_09_04_12_31_56_491.jpg,0,0,0,2.092064
D:\tmp\try5\IMG\center_2020_09_04_12_31_56_622.jpg,D:\tmp\try5\IMG\left_2020_09_04_12_31_56_622.jpg,D:\tmp\try5\IMG\right_2020_09_04_12_31_56_622.jpg,-0.3,0,0,2.060848
D:\tmp\try5\IMG\center_2020_09_04_12_31_56_720.jpg,D:\tmp\try5\IMG\left_2020_09_04_12_31_56_720.jpg,D:\tmp\try5\IMG\right_2020_09_04_12_31_56_720.jpg,-0.5500001,0,0,2.028882
D:\tmp\try5\IMG\center_2020_09_04_12_31_56_806.jpg,D:\tmp\try5\IMG\left_2020_09_04_12_31_56_806.jpg,D:\tmp\try5\IMG\right_2020_09_04_12_31_56_806.jpg,-0.7500002,0,0,1.998658
D:\tmp\try5\IMG\center_2020_09_04_12_31_56_911.jpg,D:\tmp\try5\IMG\left_2020_09_04_12_31_56_911.jpg,D:\tmp\try5\IMG\right_2020_09_04_12_31_56_911.jpg,-1,0,0,1.942701
D:\tmp\try5\IMG\center_2020_09_04_12_31_57_031.jpg,D:\tmp\try5\IMG\left_2020_09_04_12_31_57_031.jpg,D:\tmp\try5\IMG\right_2020_09_04_12_31_57_031.jpg,-1,0,0,1.904204
D:\tmp\try5\IMG\center_2020_09_04_12_31_57_141.jpg,D:\tmp\try5\IMG\left_2020_09_04_12_31_57_141.jpg,D:\tmp\try5\IMG\right_2020_09_04_12_31_57_141.jpg,-1,0,0,1.873892
D:\tmp\try5\IMG\center_2020_09_04_12_31_57_218.jpg,D:\tmp\try5\IMG\left_2020_09_04_12_31_57_218.jpg,D:\tmp\try5\IMG\right_2020_09_04_12_31_57_218.jpg,-1,0,0,1.850128
D:\tmp\try5\IMG\center_2020_09_04_12_31_57_338.jpg,D:\tmp\try5\IMG\left_2020_09_04_12_31_57_338.jpg,D:\tmp\try5\IMG\right_2020_09_04_12_31_57_338.jpg,0,0,0,1.767319
D:\tmp\try5\IMG\center_2020_09_04_12_31_57_461.jpg,D:\tmp\try5\IMG\left_2020_09_04_12_31_57_461.jpg,D:\tmp\try5\IMG\right_2020_09_04_12_31_57_461.jpg,0,0,0,1.744828
D:\tmp\try5\IMG\center_2020_09_04_12_31_57_585.jpg,D:\tmp\try5\IMG\left_2020_09_04_12_31_57_585.jpg,D:\tmp\try5\IMG\right_2020_09_04_12_31_57_585.jpg,0,0,0,1.722738
D:\tmp\try5\IMG\center_2020_09_04_12_31_57_700.jpg,D:\tmp\try5\IMG\left_2020_09_04_12_31_57_700.jpg,D:\tmp\try5\IMG\right_2020_09_04_12_31_57_700.jpg,0,0,0,1.700916
D:\tmp\try5\IMG\center_2020_09_04_12_31_57_830.jpg,D:\tmp\try5\IMG\left_2020_09_04_12_31_57_830.jpg,D:\tmp\try5\IMG\right_2020_09_04_12_31_57_830.jpg,-0.25,0,0,1.673072
D:\tmp\try5\IMG\center_2020_09_04_12_31_57_934.jpg,D:\tmp\try5\IMG\left_2020_09_04_12_31_57_934.jpg,D:\tmp\try5\IMG\right_2020_09_04_12_31_57_934.jpg,-0.5000001,0,0,1.648309
D:\tmp\try5\IMG\center_2020_09_04_12_31_58_058.jpg,D:\tmp\try5\IMG\left_2020_09_04_12_31_58_058.jpg,D:\tmp\try5\IMG\right_2020_09_04_12_31_58_058.jpg,-0.8000001,0,0,1.611923
D:\tmp\try5\IMG\center_2020_09_04_12_31_58_181.jpg,D:\tmp\try5\IMG\left_2020_09_04_12_31_58_181.jpg,D:\tmp\try5\IMG\right_2020_09_04_12_31_58_181.jpg,-1,0,0,1.569011
D:\tmp\try5\IMG\center_2020_09_04_12_31_58_258.jpg,D:\tmp\try5\IMG\left_2020_09_04_12_31_58_258.jpg,D:\tmp\try5\IMG\right_2020_09_04_12_31_58_258.jpg,-1,0,0,1.549125
D:\tmp\try5\IMG\center_2020_09_04_12_31_58_362.jpg,D:\tmp\try5\IMG\left_2020_09_04_12_31_58_362.jpg,D:\tmp\try5\IMG\right_2020_09_04_12_31_58_362.jpg,-1,0,0,1.525137
D:\tmp\try5\IMG\center_2020_09_04_12_31_58_442.jpg,D:\tmp\try5\IMG\left_2020_09_04_12_31_58_442.jpg,D:\tmp\try5\IMG\right_2020_09_04_12_31_58_442.jpg,-1,0,0,1.506346
D:\tmp\try5\IMG\center_2020_09_04_12_31_58_565.jpg,D:\tmp\try5\IMG\left_2020_09_04_12_31_58_565.jpg,D:\tmp\try5\IMG\right_2020_09_04_12_31_58_565.jpg,-1,0,0,1.478805
D:\tmp\try5\IMG\center_2020_09_04_12_31_58_685.jpg,D:\tmp\try5\IMG\left_2020_09_04_12_31_58_685.jpg,D:\tmp\try5\IMG\right_2020_09_04_12_31_58_685.jpg,-1,0,0,1.452023
D:\tmp\try5\IMG\center_2020_09_04_12_31_58_790.jpg,D:\tmp\try5\IMG\left_2020_09_04_12_31_58_790.jpg,D:\tmp\try5\IMG\right_2020_09_04_12_31_58_790.jpg,-1,0,0,1.425982
D:\tmp\try5\IMG\center_2020_09_04_12_31_58_871.jpg,D:\tmp\try5\IMG\left_2020_09_04_12_31_58_871.jpg,D:\tmp\try5\IMG\right_2020_09_04_12_31_58_871.jpg,-1,0,0,1.409027
D:\tmp\try5\IMG\center_2020_09_04_12_31_58_973.jpg,D:\tmp\try5\IMG\left_2020_09_04_12_31_58_973.jpg,D:\tmp\try5\IMG\right_2020_09_04_12_31_58_973.jpg,0,0,0,1.350062
D:\tmp\try5\IMG\center_2020_09_04_12_31_59_075.jpg,D:\tmp\try5\IMG\left_2020_09_04_12_31_59_075.jpg,D:\tmp\try5\IMG\right_2020_09_04_12_31_59_075.jpg,0,0.2501991,0,1.557139
D:\tmp\try5\IMG\center_2020_09_04_12_31_59_189.jpg,D:\tmp\try5\IMG\left_2020_09_04_12_31_59_189.jpg,D:\tmp\try5\IMG\right_2020_09_04_12_31_59_189.jpg,0,0.6059999,0,2.335024
D:\tmp\try5\IMG\center_2020_09_04_12_31_59_288.jpg,D:\tmp\try5\IMG\left_2020_09_04_12_31_59_288.jpg,D:\tmp\try5\IMG\right_2020_09_04_12_31_59_288.jpg,0,0.2669261,0,2.810122
D:\tmp\try5\IMG\center_2020_09_04_12_31_59_422.jpg,D:\tmp\try5\IMG\left_2020_09_04_12_31_59_422.jpg,D:\tmp\try5\IMG\right_2020_09_04_12_31_59_422.jpg,0,0,0,2.841862
D:\tmp\try5\IMG\center_2020_09_04_12_31_59_526.jpg,D:\tmp\try5\IMG\left_2020_09_04_12_31_59_526.jpg,D:\tmp\try5\IMG\right_2020_09_04_12_31_59_526.jpg,0,0,0,2.814226
D:\tmp\try5\IMG\center_2020_09_04_12_31_59_597.jpg,D:\tmp\try5\IMG\left_2020_09_04_12_31_59_597.jpg,D:\tmp\try5\IMG\right_2020_09_04_12_31_59_597.jpg,-0.2,0,0,2.789008
D:\tmp\try5\IMG\center_2020_09_04_12_31_59_731.jpg,D:\tmp\try5\IMG\left_2020_09_04_12_31_59_731.jpg,D:\tmp\try5\IMG\right_2020_09_04_12_31_59_731.jpg,-0.5500001,0,0,2.732264
D:\tmp\try5\IMG\center_2020_09_04_12_31_59_844.jpg,D:\tmp\try5\IMG\left_2020_09_04_12_31_59_844.jpg,D:\tmp\try5\IMG\right_2020_09_04_12_31_59_844.jpg,-0.8000001,0,0,2.681475
D:\tmp\try5\IMG\center_2020_09_04_12_31_59_977.jpg,D:\tmp\try5\IMG\left_2020_09_04_12_31_59_977.jpg,D:\tmp\try5\IMG\right_2020_09_04_12_31_59_977.jpg,-1,0,0,2.604215
D:\tmp\try5\IMG\center_2020_09_04_12_32_00_094.jpg,D:\tmp\try5\IMG\left_2020_09_04_12_32_00_094.jpg,D:\tmp\try5\IMG\right_2020_09_04_12_32_00_094.jpg,0,0,0,2.492337
D:\tmp\try5\IMG\center_2020_09_04_12_32_00_228.jpg,D:\tmp\try5\IMG\left_2020_09_04_12_32_00_228.jpg,D:\tmp\try5\IMG\right_2020_09_04_12_32_00_228.jpg,0,0,0,2.463181
D:\tmp\try5\IMG\center_2020_09_04_12_32_00_343.jpg,D:\tmp\try5\IMG\left_2020_09_04_12_32_00_343.jpg,D:\tmp\try5\IMG\right_2020_09_04_12_32_00_343.jpg,0,0,0,2.434786
D:\tmp\try5\IMG\center_2020_09_04_12_32_00_463.jpg,D:\tmp\try5\IMG\left_2020_09_04_12_32_00_463.jpg,D:\tmp\try5\IMG\right_2020_09_04_12_32_00_463.jpg,0,0,0,2.406456
D:\tmp\try5\IMG\center_2020_09_04_12_32_00_594.jpg,D:\tmp\try5\IMG\left_2020_09_04_12_32_00_594.jpg,D:\tmp\try5\IMG\right_2020_09_04_12_32_00_594.jpg,-0.2,0,0,2.37109
D:\tmp\try5\IMG\center_2020_09_04_12_32_00_697.jpg,D:\tmp\try5\IMG\left_2020_09_04_12_32_00_697.jpg,D:\tmp\try5\IMG\right_2020_09_04_12_32_00_697.jpg,-0.45,0,0,2.338349
D:\tmp\try5\IMG\center_2020_09_04_12_32_00_783.jpg,D:\tmp\try5\IMG\left_2020_09_04_12_32_00_783.jpg,D:\tmp\try5\IMG\right_2020_09_04_12_32_00_783.jpg,-0.6500001,0,0,2.307566
D:\tmp\try5\IMG\center_2020_09_04_12_32_00_879.jpg,D:\tmp\try5\IMG\left_2020_09_04_12_32_00_879.jpg,D:\tmp\try5\IMG\right_2020_09_04_12_32_00_879.jpg,-0.9000002,0,0,2.260708
D:\tmp\try5\IMG\center_2020_09_04_12_32_00_962.jpg,D:\tmp\try5\IMG\left_2020_09_04_12_32_00_962.jpg,D:\tmp\try5\IMG\right_2020_09_04_12_32_00_962.jpg,-1,0,0,2.222178
D:\tmp\try5\IMG\center_2020_09_04_12_32_01_060.jpg,D:\tmp\try5\IMG\left_2020_09_04_12_32_01_060.jpg,D:\tmp\try5\IMG\right_2020_09_04_12_32_01_060.jpg,-1,0,0,2.189751
D:\tmp\try5\IMG\center_2020_09_04_12_32_01_197.jpg,D:\tmp\try5\IMG\left_2020_09_04_12_32_01_197.jpg,D:\tmp\try5\IMG\right_2020_09_04_12_32_01_197.jpg,0,0,0,2.090153
D:\tmp\try5\IMG\center_2020_09_04_12_32_01_303.jpg,D:\tmp\try5\IMG\left_2020_09_04_12_32_01_303.jpg,D:\tmp\try5\IMG\right_2020_09_04_12_32_01_303.jpg,0,0,0,2.070855
D:\tmp\try5\IMG\center_2020_09_04_12_32_01_385.jpg,D:\tmp\try5\IMG\left_2020_09_04_12_32_01_385.jpg,D:\tmp\try5\IMG\right_2020_09_04_12_32_01_385.jpg,0,0,0,2.055737
D:\tmp\try5\IMG\center_2020_09_04_12_32_01_497.jpg,D:\tmp\try5\IMG\left_2020_09_04_12_32_01_497.jpg,D:\tmp\try5\IMG\right_2020_09_04_12_32_01_497.jpg,0,0,0,2.033293
D:\tmp\try5\IMG\center_2020_09_04_12_32_01_636.jpg,D:\tmp\try5\IMG\left_2020_09_04_12_32_01_636.jpg,D:\tmp\try5\IMG\right_2020_09_04_12_32_01_636.jpg,0,0.2196582,0,2.175302
D:\tmp\try5\IMG\center_2020_09_04_12_32_01_761.jpg,D:\tmp\try5\IMG\left_2020_09_04_12_32_01_761.jpg,D:\tmp\try5\IMG\right_2020_09_04_12_32_01_761.jpg,0,0.5962707,0,2.949255
D:\tmp\try5\IMG\center_2020_09_04_12_32_01_851.jpg,D:\tmp\try5\IMG\left_2020_09_04_12_32_01_851.jpg,D:\tmp\try5\IMG\right_2020_09_04_12_32_01_851.jpg,0,0.9122856,0,4.123591
D:\tmp\try5\IMG\center_2020_09_04_12_32_01_997.jpg,D:\tmp\try5\IMG\left_2020_09_04_12_32_01_997.jpg,D:\tmp\try5\IMG\right_2020_09_04_12_32_01_997.jpg,0,1,0,5.749085
D:\tmp\try5\IMG\center_2020_09_04_12_32_02_088.jpg,D:\tmp\try5\IMG\left_2020_09_04_12_32_02_088.jpg,D:\tmp\try5\IMG\right_2020_09_04_12_32_02_088.jpg,0,0.8378119,0,6.792182
D:\tmp\try5\IMG\center_2020_09_04_12_32_02_209.jpg,D:\tmp\try5\IMG\left_2020_09_04_12_32_02_209.jpg,D:\tmp\try5\IMG\right_2020_09_04_12_32_02_209.jpg,0,0.4764973,0,7.513992
D:\tmp\try5\IMG\center_2020_09_04_12_32_02_290.jpg,D:\tmp\try5\IMG\left_2020_09_04_12_32_02_290.jpg,D:\tmp\try5\IMG\right_2020_09_04_12_32_02_290.jpg,-0.2,0.2332204,0,7.686797
D:\tmp\try5\IMG\center_2020_09_04_12_32_02_391.jpg,D:\tmp\try5\IMG\left_2020_09_04_12_32_02_391.jpg,D:\tmp\try5\IMG\right_2020_09_04_12_32_02_391.jpg,-0.45,0,0,7.636534
D:\tmp\try5\IMG\center_2020_09_04_12_32_02_462.jpg,D:\tmp\try5\IMG\left_2020_09_04_12_32_02_462.jpg,D:\tmp\try5\IMG\right_2020_09_04_12_32_02_462.jpg,-0.6000001,0,0,7.552633
D:\tmp\try5\IMG\center_2020_09_04_12_32_02_590.jpg,D:\tmp\try5\IMG\left_2020_09_04_12_32_02_590.jpg,D:\tmp\try5\IMG\right_2020_09_04_12_32_02_590.jpg,0,0,0,7.327013
D:\tmp\try5\IMG\center_2020_09_04_12_32_02_712.jpg,D:\tmp\try5\IMG\left_2020_09_04_12_32_02_712.jpg,D:\tmp\try5\IMG\right_2020_09_04_12_32_02_712.jpg,0,0,0,7.235713
D:\tmp\try5\IMG\center_2020_09_04_12_32_02_818.jpg,D:\tmp\try5\IMG\left_2020_09_04_12_32_02_818.jpg,D:\tmp\try5\IMG\right_2020_09_04_12_32_02_818.jpg,0,0,0,7.163672
D:\tmp\try5\IMG\center_2020_09_04_12_32_02_939.jpg,D:\tmp\try5\IMG\left_2020_09_04_12_32_02_939.jpg,D:\tmp\try5\IMG\right_2020_09_04_12_32_02_939.jpg,0,0,0,7.077487
D:\tmp\try5\IMG\center_2020_09_04_12_32_03_061.jpg,D:\tmp\try5\IMG\left_2020_09_04_12_32_03_061.jpg,D:\tmp\try5\IMG\right_2020_09_04_12_32_03_061.jpg,0,0,0,6.992343
D:\tmp\try5\IMG\center_2020_09_04_12_32_03_186.jpg,D:\tmp\try5\IMG\left_2020_09_04_12_32_03_186.jpg,D:\tmp\try5\IMG\right_2020_09_04_12_32_03_186.jpg,0,0,0,6.90822
D:\tmp\try5\IMG\center_2020_09_04_12_32_03_303.jpg,D:\tmp\try5\IMG\left_2020_09_04_12_32_03_303.jpg,D:\tmp\try5\IMG\right_2020_09_04_12_32_03_303.jpg,0,0,0,6.825109
D:\tmp\try5\IMG\center_2020_09_04_12_32_03_378.jpg,D:\tmp\try5\IMG\left_2020_09_04_12_32_03_378.jpg,D:\tmp\try5\IMG\right_2020_09_04_12_32_03_378.jpg,0,0,0,6.770257
D:\tmp\try5\IMG\center_2020_09_04_12_32_03_482.jpg,D:\tmp\try5\IMG\left_2020_09_04_12_32_03_482.jpg,D:\tmp\try5\IMG\right_2020_09_04_12_32_03_482.jpg,0,0,0,6.702312
D:\tmp\try5\IMG\center_2020_09_04_12_32_03_603.jpg,D:\tmp\try5\IMG\left_2020_09_04_12_32_03_603.jpg,D:\tmp\try5\IMG\right_2020_09_04_12_32_03_603.jpg,0,0,0,6.621678
D:\tmp\try5\IMG\center_2020_09_04_12_32_03_726.jpg,D:\tmp\try5\IMG\left_2020_09_04_12_32_03_726.jpg,D:\tmp\try5\IMG\right_2020_09_04_12_32_03_726.jpg,0,0,0,6.542014
D:\tmp\try5\IMG\center_2020_09_04_12_32_03_846.jpg,D:\tmp\try5\IMG\left_2020_09_04_12_32_03_846.jpg,D:\tmp\try5\IMG\right_2020_09_04_12_32_03_846.jpg,0,0,0,6.46331
D:\tmp\try5\IMG\center_2020_09_04_12_32_03_973.jpg,D:\tmp\try5\IMG\left_2020_09_04_12_32_03_973.jpg,D:\tmp\try5\IMG\right_2020_09_04_12_32_03_973.jpg,0,0,0,6.385552
D:\tmp\try5\IMG\center_2020_09_04_12_32_31_873.jpg,D:\tmp\try5\IMG\left_2020_09_04_12_32_31_873.jpg,D:\tmp\try5\IMG\right_2020_09_04_12_32_31_873.jpg,0,0,0,1.922487
D:\tmp\try5\IMG\center_2020_09_04_12_32_32_011.jpg,D:\tmp\try5\IMG\left_2020_09_04_12_32_32_011.jpg,D:\tmp\try5\IMG\right_2020_09_04_12_32_32_011.jpg,-0.2,0,0,1.886025
D:\tmp\try5\IMG\center_2020_09_04_12_32_32_143.jpg,D:\tmp\try5\IMG\left_2020_09_04_12_32_32_143.jpg,D:\tmp\try5\IMG\right_2020_09_04_12_32_32_143.jpg,-0.5000001,0,0,1.844217
D:\tmp\try5\IMG\center_2020_09_04_12_32_32_235.jpg,D:\tmp\try5\IMG\left_2020_09_04_12_32_32_235.jpg,D:\tmp\try5\IMG\right_2020_09_04_12_32_32_235.jpg,-0.7500002,0,0,1.801193
D:\tmp\try5\IMG\center_2020_09_04_12_32_32_356.jpg,D:\tmp\try5\IMG\left_2020_09_04_12_32_32_356.jpg,D:\tmp\try5\IMG\right_2020_09_04_12_32_32_356.jpg,0,0,0,1.749267
D:\tmp\try5\IMG\center_2020_09_04_12_32_32_501.jpg,D:\tmp\try5\IMG\left_2020_09_04_12_32_32_501.jpg,D:\tmp\try5\IMG\right_2020_09_04_12_32_32_501.jpg,0,0.1997172,0,1.836378
D:\tmp\try5\IMG\center_2020_09_04_12_32_32_594.jpg,D:\tmp\try5\IMG\left_2020_09_04_12_32_32_594.jpg,D:\tmp\try5\IMG\right_2020_09_04_12_32_32_594.jpg,0,0.5337384,0,2.482169
D:\tmp\try5\IMG\center_2020_09_04_12_32_32_714.jpg,D:\tmp\try5\IMG\left_2020_09_04_12_32_32_714.jpg,D:\tmp\try5\IMG\right_2020_09_04_12_32_32_714.jpg,0,0.8927823,0,3.632212
D:\tmp\try5\IMG\center_2020_09_04_12_32_32_848.jpg,D:\tmp\try5\IMG\left_2020_09_04_12_32_32_848.jpg,D:\tmp\try5\IMG\right_2020_09_04_12_32_32_848.jpg,0,0.4944933,0,4.480671
D:\tmp\try5\IMG\center_2020_09_04_12_32_32_966.jpg,D:\tmp\try5\IMG\left_2020_09_04_12_32_32_966.jpg,D:\tmp\try5\IMG\right_2020_09_04_12_32_32_966.jpg,0,0.1383423,0,4.785384
D:\tmp\try5\IMG\center_2020_09_04_12_32_33_081.jpg,D:\tmp\try5\IMG\left_2020_09_04_12_32_33_081.jpg,D:\tmp\try5\IMG\right_2020_09_04_12_32_33_081.jpg,-0.3,0,0,4.715357
D:\tmp\try5\IMG\center_2020_09_04_12_32_33_157.jpg,D:\tmp\try5\IMG\left_2020_09_04_12_32_33_157.jpg,D:\tmp\try5\IMG\right_2020_09_04_12_32_33_157.jpg,-0.5000001,0,0,4.649888
D:\tmp\try5\IMG\center_2020_09_04_12_32_33_263.jpg,D:\tmp\try5\IMG\left_2020_09_04_12_32_33_263.jpg,D:\tmp\try5\IMG\right_2020_09_04_12_32_33_263.jpg,-0.7500002,0,0,4.552814
D:\tmp\try5\IMG\center_2020_09_04_12_32_33_381.jpg,D:\tmp\try5\IMG\left_2020_09_04_12_32_33_381.jpg,D:\tmp\try5\IMG\right_2020_09_04_12_32_33_381.jpg,-1,0,0,4.41254
D:\tmp\try5\IMG\center_2020_09_04_12_32_33_452.jpg,D:\tmp\try5\IMG\left_2020_09_04_12_32_33_452.jpg,D:\tmp\try5\IMG\right_2020_09_04_12_32_33_452.jpg,-1,0,0,4.347212
D:\tmp\try5\IMG\center_2020_09_04_12_32_33_562.jpg,D:\tmp\try5\IMG\left_2020_09_04_12_32_33_562.jpg,D:\tmp\try5\IMG\right_2020_09_04_12_32_33_562.jpg,0,0,0,4.174563
D:\tmp\try5\IMG\center_2020_09_04_12_32_33_700.jpg,D:\tmp\try5\IMG\left_2020_09_04_12_32_33_700.jpg,D:\tmp\try5\IMG\right_2020_09_04_12_32_33_700.jpg,0,0,0,4.105529
D:\tmp\try5\IMG\center_2020_09_04_12_32_33_812.jpg,D:\tmp\try5\IMG\left_2020_09_04_12_32_33_812.jpg,D:\tmp\try5\IMG\right_2020_09_04_12_32_33_812.jpg,0,0,0,4.05377
D:\tmp\try5\IMG\center_2020_09_04_12_32_33_932.jpg,D:\tmp\try5\IMG\left_2020_09_04_12_32_33_932.jpg,D:\tmp\try5\IMG\right_2020_09_04_12_32_33_932.jpg,0,0,0,4.001575
D:\tmp\try5\IMG\center_2020_09_04_12_32_34_045.jpg,D:\tmp\try5\IMG\left_2020_09_04_12_32_34_045.jpg,D:\tmp\try5\IMG\right_2020_09_04_12_32_34_045.jpg,-0.15,0,0,3.954987
D:\tmp\try5\IMG\center_2020_09_04_12_32_34_154.jpg,D:\tmp\try5\IMG\left_2020_09_04_12_32_34_154.jpg,D:\tmp\try5\IMG\right_2020_09_04_12_32_34_154.jpg,-0.45,0,0,3.877795
D:\tmp\try5\IMG\center_2020_09_04_12_32_34_268.jpg,D:\tmp\try5\IMG\left_2020_09_04_12_32_34_268.jpg,D:\tmp\try5\IMG\right_2020_09_04_12_32_34_268.jpg,-0.7,0,0,3.79597
D:\tmp\try5\IMG\center_2020_09_04_12_32_34_384.jpg,D:\tmp\try5\IMG\left_2020_09_04_12_32_34_384.jpg,D:\tmp\try5\IMG\right_2020_09_04_12_32_34_384.jpg,-1,0,0,3.672504
D:\tmp\try5\IMG\center_2020_09_04_12_32_34_462.jpg,D:\tmp\try5\IMG\left_2020_09_04_12_32_34_462.jpg,D:\tmp\try5\IMG\right_2020_09_04_12_32_34_462.jpg,-1,0,0,3.614247
D:\tmp\try5\IMG\center_2020_09_04_12_32_34_571.jpg,D:\tmp\try5\IMG\left_2020_09_04_12_32_34_571.jpg,D:\tmp\try5\IMG\right_2020_09_04_12_32_34_571.jpg,-1,0,0,3.553503
D:\tmp\try5\IMG\center_2020_09_04_12_32_34_683.jpg,D:\tmp\try5\IMG\left_2020_09_04_12_32_34_683.jpg,D:\tmp\try5\IMG\right_2020_09_04_12_32_34_683.jpg,0,0,0,3.416487
D:\tmp\try5\IMG\center_2020_09_04_12_32_34_802.jpg,D:\tmp\try5\IMG\left_2020_09_04_12_32_34_802.jpg,D:\tmp\try5\IMG\right_2020_09_04_12_32_34_802.jpg,0,0,0,3.377949
D:\tmp\try5\IMG\center_2020_09_04_12_32_34_918.jpg,D:\tmp\try5\IMG\left_2020_09_04_12_32_34_918.jpg,D:\tmp\try5\IMG\right_2020_09_04_12_32_34_918.jpg,0,0,0,3.340144
D:\tmp\try5\IMG\center_2020_09_04_12_32_34_993.jpg,D:\tmp\try5\IMG\left_2020_09_04_12_32_34_993.jpg,D:\tmp\try5\IMG\right_2020_09_04_12_32_34_993.jpg,0,0,0,3.315126
D:\tmp\try5\IMG\center_2020_09_04_12_32_35_093.jpg,D:\tmp\try5\IMG\left_2020_09_04_12_32_35_093.jpg,D:\tmp\try5\IMG\right_2020_09_04_12_32_35_093.jpg,0,0,0,3.284061
D:\tmp\try5\IMG\center_2020_09_04_12_32_35_214.jpg,D:\tmp\try5\IMG\left_2020_09_04_12_32_35_214.jpg,D:\tmp\try5\IMG\right_2020_09_04_12_32_35_214.jpg,0,0.1785846,0,3.356993
D:\tmp\try5\IMG\center_2020_09_04_12_32_35_332.jpg,D:\tmp\try5\IMG\left_2020_09_04_12_32_35_332.jpg,D:\tmp\try5\IMG\right_2020_09_04_12_32_35_332.jpg,0,0.5304384,0,3.966166
D:\tmp\try5\IMG\center_2020_09_04_12_32_35_466.jpg,D:\tmp\try5\IMG\left_2020_09_04_12_32_35_466.jpg,D:\tmp\try5\IMG\right_2020_09_04_12_32_35_466.jpg,0,0.1299612,0,4.274136
D:\tmp\try5\IMG\center_2020_09_04_12_32_35_570.jpg,D:\tmp\try5\IMG\left_2020_09_04_12_32_35_570.jpg,D:\tmp\try5\IMG\right_2020_09_04_12_32_35_570.jpg,0,0,0,4.229337
D:\tmp\try5\IMG\center_2020_09_04_12_32_35_639.jpg,D:\tmp\try5\IMG\left_2020_09_04_12_32_35_639.jpg,D:\tmp\try5\IMG\right_2020_09_04_12_32_35_639.jpg,0,0,0,4.203843
D:\tmp\try5\IMG\center_2020_09_04_12_32_35_759.jpg,D:\tmp\try5\IMG\left_2020_09_04_12_32_35_759.jpg,D:\tmp\try5\IMG\right_2020_09_04_12_32_35_759.jpg,0,0,0,4.153234
D:\tmp\try5\IMG\center_2020_09_04_12_32_35_872.jpg,D:\tmp\try5\IMG\left_2020_09_04_12_32_35_872.jpg,D:\tmp\try5\IMG\right_2020_09_04_12_32_35_872.jpg,0.3,0,0,4.089692
D:\tmp\try5\IMG\center_2020_09_04_12_32_35_942.jpg,D:\tmp\try5\IMG\left_2020_09_04_12_32_35_942.jpg,D:\tmp\try5\IMG\right_2020_09_04_12_32_35_942.jpg,0.45,0,0,4.050529
D:\tmp\try5\IMG\center_2020_09_04_12_32_36_045.jpg,D:\tmp\try5\IMG\left_2020_09_04_12_32_36_045.jpg,D:\tmp\try5\IMG\right_2020_09_04_12_32_36_045.jpg,0.7,0,0,3.977023
D:\tmp\try5\IMG\center_2020_09_04_12_32_36_167.jpg,D:\tmp\try5\IMG\left_2020_09_04_12_32_36_167.jpg,D:\tmp\try5\IMG\right_2020_09_04_12_32_36_167.jpg,1,0,0,3.86381
D:\tmp\try5\IMG\center_2020_09_04_12_32_36_295.jpg,D:\tmp\try5\IMG\left_2020_09_04_12_32_36_295.jpg,D:\tmp\try5\IMG\right_2020_09_04_12_32_36_295.jpg,0,0,0,3.724807
D:\tmp\try5\IMG\center_2020_09_04_12_32_36_407.jpg,D:\tmp\try5\IMG\left_2020_09_04_12_32_36_407.jpg,D:\tmp\try5\IMG\right_2020_09_04_12_32_36_407.jpg,0,0,0,3.692969
D:\tmp\try5\IMG\center_2020_09_04_12_32_36_539.jpg,D:\tmp\try5\IMG\left_2020_09_04_12_32_36_539.jpg,D:\tmp\try5\IMG\right_2020_09_04_12_32_36_539.jpg,0,0,0,3.648938
D:\tmp\try5\IMG\center_2020_09_04_12_32_36_641.jpg,D:\tmp\try5\IMG\left_2020_09_04_12_32_36_641.jpg,D:\tmp\try5\IMG\right_2020_09_04_12_32_36_641.jpg,0,0,0,3.617867
D:\tmp\try5\IMG\center_2020_09_04_12_32_36_764.jpg,D:\tmp\try5\IMG\left_2020_09_04_12_32_36_764.jpg,D:\tmp\try5\IMG\right_2020_09_04_12_32_36_764.jpg,0,0,0,3.580995
D:\tmp\try5\IMG\center_2020_09_04_12_32_36_882.jpg,D:\tmp\try5\IMG\left_2020_09_04_12_32_36_882.jpg,D:\tmp\try5\IMG\right_2020_09_04_12_32_36_882.jpg,0,0.3571806,0,3.918624
D:\tmp\try5\IMG\center_2020_09_04_12_32_37_001.jpg,D:\tmp\try5\IMG\left_2020_09_04_12_32_37_001.jpg,D:\tmp\try5\IMG\right_2020_09_04_12_32_37_001.jpg,0,0.7131318,0,4.763346
D:\tmp\try5\IMG\center_2020_09_04_12_32_37_139.jpg,D:\tmp\try5\IMG\left_2020_09_04_12_32_37_139.jpg,D:\tmp\try5\IMG\right_2020_09_04_12_32_37_139.jpg,0,1,0,6.300798
D:\tmp\try5\IMG\center_2020_09_04_12_32_37_235.jpg,D:\tmp\try5\IMG\left_2020_09_04_12_32_37_235.jpg,D:\tmp\try5\IMG\right_2020_09_04_12_32_37_235.jpg,0,1,0,7.449624
D:\tmp\try5\IMG\center_2020_09_04_12_32_37_316.jpg,D:\tmp\try5\IMG\left_2020_09_04_12_32_37_316.jpg,D:\tmp\try5\IMG\right_2020_09_04_12_32_37_316.jpg,0,0.7594957,0,8.14381
D:\tmp\try5\IMG\center_2020_09_04_12_32_37_416.jpg,D:\tmp\try5\IMG\left_2020_09_04_12_32_37_416.jpg,D:\tmp\try5\IMG\right_2020_09_04_12_32_37_416.jpg,0,0.4554844,0,8.714265
D:\tmp\try5\IMG\center_2020_09_04_12_32_37_538.jpg,D:\tmp\try5\IMG\left_2020_09_04_12_32_37_538.jpg,D:\tmp\try5\IMG\right_2020_09_04_12_32_37_538.jpg,0,0.09177369,0,8.903432
D:\tmp\try5\IMG\center_2020_09_04_12_32_37_675.jpg,D:\tmp\try5\IMG\left_2020_09_04_12_32_37_675.jpg,D:\tmp\try5\IMG\right_2020_09_04_12_32_37_675.jpg,0,0,0,8.788934
D:\tmp\try5\IMG\center_2020_09_04_12_32_37_774.jpg,D:\tmp\try5\IMG\left_2020_09_04_12_32_37_774.jpg,D:\tmp\try5\IMG\right_2020_09_04_12_32_37_774.jpg,0.15,0,0,8.697643
D:\tmp\try5\IMG\center_2020_09_04_12_32_37_905.jpg,D:\tmp\try5\IMG\left_2020_09_04_12_32_37_905.jpg,D:\tmp\try5\IMG\right_2020_09_04_12_32_37_905.jpg,0.45,0,0,8.543314
D:\tmp\try5\IMG\center_2020_09_04_12_32_38_021.jpg,D:\tmp\try5\IMG\left_2020_09_04_12_32_38_021.jpg,D:\tmp\try5\IMG\right_2020_09_04_12_32_38_021.jpg,0.7500002,0,0,8.343128
D:\tmp\try5\IMG\center_2020_09_04_12_32_38_156.jpg,D:\tmp\try5\IMG\left_2020_09_04_12_32_38_156.jpg,D:\tmp\try5\IMG\right_2020_09_04_12_32_38_156.jpg,1,0,0,8.071795
D:\tmp\try5\IMG\center_2020_09_04_12_32_38_278.jpg,D:\tmp\try5\IMG\left_2020_09_04_12_32_38_278.jpg,D:\tmp\try5\IMG\right_2020_09_04_12_32_38_278.jpg,0,0,0,7.796812
D:\tmp\try5\IMG\center_2020_09_04_12_32_38_388.jpg,D:\tmp\try5\IMG\left_2020_09_04_12_32_38_388.jpg,D:\tmp\try5\IMG\right_2020_09_04_12_32_38_388.jpg,0,0,0,7.713327
D:\tmp\try5\IMG\center_2020_09_04_12_32_38_504.jpg,D:\tmp\try5\IMG\left_2020_09_04_12_32_38_504.jpg,D:\tmp\try5\IMG\right_2020_09_04_12_32_38_504.jpg,0,0,0,7.620322
D:\tmp\try5\IMG\center_2020_09_04_12_32_38_577.jpg,D:\tmp\try5\IMG\left_2020_09_04_12_32_38_577.jpg,D:\tmp\try5\IMG\right_2020_09_04_12_32_38_577.jpg,0,0,0,7.559072
D:\tmp\try5\IMG\center_2020_09_04_12_32_38_697.jpg,D:\tmp\try5\IMG\left_2020_09_04_12_32_38_697.jpg,D:\tmp\try5\IMG\right_2020_09_04_12_32_38_697.jpg,0,0,0,7.467805
D:\tmp\try5\IMG\center_2020_09_04_12_32_38_806.jpg,D:\tmp\try5\IMG\left_2020_09_04_12_32_38_806.jpg,D:\tmp\try5\IMG\right_2020_09_04_12_32_38_806.jpg,0,0,0,7.392806
D:\tmp\try5\IMG\center_2020_09_04_12_32_38_876.jpg,D:\tmp\try5\IMG\left_2020_09_04_12_32_38_876.jpg,D:\tmp\try5\IMG\right_2020_09_04_12_32_38_876.jpg,0,0,0,7.333397
D:\tmp\try5\IMG\center_2020_09_04_12_32_38_984.jpg,D:\tmp\try5\IMG\left_2020_09_04_12_32_38_984.jpg,D:\tmp\try5\IMG\right_2020_09_04_12_32_38_984.jpg,0,0,0,7.259806
D:\tmp\try5\IMG\center_2020_09_04_12_32_39_107.jpg,D:\tmp\try5\IMG\left_2020_09_04_12_32_39_107.jpg,D:\tmp\try5\IMG\right_2020_09_04_12_32_39_107.jpg,0,0,0,7.172471
D:\tmp\try5\IMG\center_2020_09_04_12_32_39_225.jpg,D:\tmp\try5\IMG\left_2020_09_04_12_32_39_225.jpg,D:\tmp\try5\IMG\right_2020_09_04_12_32_39_225.jpg,0,0,0,7.086186
D:\tmp\try5\IMG\center_2020_09_04_12_32_39_303.jpg,D:\tmp\try5\IMG\left_2020_09_04_12_32_39_303.jpg,D:\tmp\try5\IMG\right_2020_09_04_12_32_39_303.jpg,0,0,0,7.029241
D:\tmp\try5\IMG\center_2020_09_04_12_32_39_426.jpg,D:\tmp\try5\IMG\left_2020_09_04_12_32_39_426.jpg,D:\tmp\try5\IMG\right_2020_09_04_12_32_39_426.jpg,0,0,0,6.944677
D:\tmp\try5\IMG\center_2020_09_04_12_32_39_512.jpg,D:\tmp\try5\IMG\left_2020_09_04_12_32_39_512.jpg,D:\tmp\try5\IMG\right_2020_09_04_12_32_39_512.jpg,0,0,0,6.87493
D:\tmp\try5\IMG\center_2020_09_04_12_32_39_596.jpg,D:\tmp\try5\IMG\left_2020_09_04_12_32_39_596.jpg,D:\tmp\try5\IMG\right_2020_09_04_12_32_39_596.jpg,0,0,0,6.819476
D:\tmp\try5\IMG\center_2020_09_04_12_32_39_673.jpg,D:\tmp\try5\IMG\left_2020_09_04_12_32_39_673.jpg,D:\tmp\try5\IMG\right_2020_09_04_12_32_39_673.jpg,0,0,0,6.778281
D:\tmp\try5\IMG\center_2020_09_04_12_33_04_120.jpg,D:\tmp\try5\IMG\left_2020_09_04_12_33_04_120.jpg,D:\tmp\try5\IMG\right_2020_09_04_12_33_04_120.jpg,0,0,0,2.424238
D:\tmp\try5\IMG\center_2020_09_04_12_33_04_259.jpg,D:\tmp\try5\IMG\left_2020_09_04_12_33_04_259.jpg,D:\tmp\try5\IMG\right_2020_09_04_12_33_04_259.jpg,0,0,0,2.388293
D:\tmp\try5\IMG\center_2020_09_04_12_33_04_366.jpg,D:\tmp\try5\IMG\left_2020_09_04_12_33_04_366.jpg,D:\tmp\try5\IMG\right_2020_09_04_12_33_04_366.jpg,0,0,0,2.362927
D:\tmp\try5\IMG\center_2020_09_04_12_33_04_446.jpg,D:\tmp\try5\IMG\left_2020_09_04_12_33_04_446.jpg,D:\tmp\try5\IMG\right_2020_09_04_12_33_04_446.jpg,0,0,0,2.342817
D:\tmp\try5\IMG\center_2020_09_04_12_33_04_550.jpg,D:\tmp\try5\IMG\left_2020_09_04_12_33_04_550.jpg,D:\tmp\try5\IMG\right_2020_09_04_12_33_04_550.jpg,0,0.1534047,0,2.380091
D:\tmp\try5\IMG\center_2020_09_04_12_33_04_622.jpg,D:\tmp\try5\IMG\left_2020_09_04_12_33_04_622.jpg,D:\tmp\try5\IMG\right_2020_09_04_12_33_04_622.jpg,0,0.3668568,0,2.654551
D:\tmp\try5\IMG\center_2020_09_04_12_33_04_692.jpg,D:\tmp\try5\IMG\left_2020_09_04_12_33_04_692.jpg,D:\tmp\try5\IMG\right_2020_09_04_12_33_04_692.jpg,0,0.5744157,0,3.190185
D:\tmp\try5\IMG\center_2020_09_04_12_33_04_800.jpg,D:\tmp\try5\IMG\left_2020_09_04_12_33_04_800.jpg,D:\tmp\try5\IMG\right_2020_09_04_12_33_04_800.jpg,0,0.5165748,0,3.887162
D:\tmp\try5\IMG\center_2020_09_04_12_33_04_883.jpg,D:\tmp\try5\IMG\left_2020_09_04_12_33_04_883.jpg,D:\tmp\try5\IMG\right_2020_09_04_12_33_04_883.jpg,0.2,0.2691363,0,4.118859
D:\tmp\try5\IMG\center_2020_09_04_12_33_04_993.jpg,D:\tmp\try5\IMG\left_2020_09_04_12_33_04_993.jpg,D:\tmp\try5\IMG\right_2020_09_04_12_33_04_993.jpg,0.5000001,0,0,4.132792
D:\tmp\try5\IMG\center_2020_09_04_12_33_05_138.jpg,D:\tmp\try5\IMG\left_2020_09_04_12_33_05_138.jpg,D:\tmp\try5\IMG\right_2020_09_04_12_33_05_138.jpg,0.8500001,0,0,4.026956
D:\tmp\try5\IMG\center_2020_09_04_12_33_05_231.jpg,D:\tmp\try5\IMG\left_2020_09_04_12_33_05_231.jpg,D:\tmp\try5\IMG\right_2020_09_04_12_33_05_231.jpg,1,0,0,3.944736
D:\tmp\try5\IMG\center_2020_09_04_12_33_05_354.jpg,D:\tmp\try5\IMG\left_2020_09_04_12_33_05_354.jpg,D:\tmp\try5\IMG\right_2020_09_04_12_33_05_354.jpg,0,0,0,3.787103
D:\tmp\try5\IMG\center_2020_09_04_12_33_05_442.jpg,D:\tmp\try5\IMG\left_2020_09_04_12_33_05_442.jpg,D:\tmp\try5\IMG\right_2020_09_04_12_33_05_442.jpg,0,0,0,3.757175
D:\tmp\try5\IMG\center_2020_09_04_12_33_05_553.jpg,D:\tmp\try5\IMG\left_2020_09_04_12_33_05_553.jpg,D:\tmp\try5\IMG\right_2020_09_04_12_33_05_553.jpg,0,0,0,3.713208
D:\tmp\try5\IMG\center_2020_09_04_12_33_05_675.jpg,D:\tmp\try5\IMG\left_2020_09_04_12_33_05_675.jpg,D:\tmp\try5\IMG\right_2020_09_04_12_33_05_675.jpg,0,0,0,3.669788
D:\tmp\try5\IMG\center_2020_09_04_12_33_05_801.jpg,D:\tmp\try5\IMG\left_2020_09_04_12_33_05_801.jpg,D:\tmp\try5\IMG\right_2020_09_04_12_33_05_801.jpg,0.3,0,0,3.617506
D:\tmp\try5\IMG\center_2020_09_04_12_33_05_931.jpg,D:\tmp\try5\IMG\left_2020_09_04_12_33_05_931.jpg,D:\tmp\try5\IMG\right_2020_09_04_12_33_05_931.jpg,0.6500001,0,0,3.536898
D:\tmp\try5\IMG\center_2020_09_04_12_33_06_056.jpg,D:\tmp\try5\IMG\left_2020_09_04_12_33_06_056.jpg,D:\tmp\try5\IMG\right_2020_09_04_12_33_06_056.jpg,0.9500002,0,0,3.44798
D:\tmp\try5\IMG\center_2020_09_04_12_33_06_187.jpg,D:\tmp\try5\IMG\left_2020_09_04_12_33_06_187.jpg,D:\tmp\try5\IMG\right_2020_09_04_12_33_06_187.jpg,1,0,0,3.375164
D:\tmp\try5\IMG\center_2020_09_04_12_33_06_312.jpg,D:\tmp\try5\IMG\left_2020_09_04_12_33_06_312.jpg,D:\tmp\try5\IMG\right_2020_09_04_12_33_06_312.jpg,1,0,0,3.31035
D:\tmp\try5\IMG\center_2020_09_04_12_33_06_380.jpg,D:\tmp\try5\IMG\left_2020_09_04_12_33_06_380.jpg,D:\tmp\try5\IMG\right_2020_09_04_12_33_06_380.jpg,1,0,0,3.283392
D:\tmp\try5\IMG\center_2020_09_04_12_33_06_508.jpg,D:\tmp\try5\IMG\left_2020_09_04_12_33_06_508.jpg,D:\tmp\try5\IMG\right_2020_09_04_12_33_06_508.jpg,0,0,0,3.150936
D:\tmp\try5\IMG\center_2020_09_04_12_33_06_575.jpg,D:\tmp\try5\IMG\left_2020_09_04_12_33_06_575.jpg,D:\tmp\try5\IMG\right_2020_09_04_12_33_06_575.jpg,0,0,0,3.127669
D:\tmp\try5\IMG\center_2020_09_04_12_33_06_703.jpg,D:\tmp\try5\IMG\left_2020_09_04_12_33_06_703.jpg,D:\tmp\try5\IMG\right_2020_09_04_12_33_06_703.jpg,0,0,0,3.093321
D:\tmp\try5\IMG\center_2020_09_04_12_33_06_771.jpg,D:\tmp\try5\IMG\left_2020_09_04_12_33_06_771.jpg,D:\tmp\try5\IMG\right_2020_09_04_12_33_06_771.jpg,0.2,0,0,3.066991
D:\tmp\try5\IMG\center_2020_09_04_12_33_06_902.jpg,D:\tmp\try5\IMG\left_2020_09_04_12_33_06_902.jpg,D:\tmp\try5\IMG\right_2020_09_04_12_33_06_902.jpg,0.5000001,0,0,3.016278
D:\tmp\try5\IMG\center_2020_09_04_12_33_07_036.jpg,D:\tmp\try5\IMG\left_2020_09_04_12_33_07_036.jpg,D:\tmp\try5\IMG\right_2020_09_04_12_33_07_036.jpg,0.8500001,0,0,2.939873
D:\tmp\try5\IMG\center_2020_09_04_12_33_07_162.jpg,D:\tmp\try5\IMG\left_2020_09_04_12_33_07_162.jpg,D:\tmp\try5\IMG\right_2020_09_04_12_33_07_162.jpg,1,0,0,2.869737
D:\tmp\try5\IMG\center_2020_09_04_12_33_07_252.jpg,D:\tmp\try5\IMG\left_2020_09_04_12_33_07_252.jpg,D:\tmp\try5\IMG\right_2020_09_04_12_33_07_252.jpg,1,0,0,2.831051
D:\tmp\try5\IMG\center_2020_09_04_12_33_07_378.jpg,D:\tmp\try5\IMG\left_2020_09_04_12_33_07_378.jpg,D:\tmp\try5\IMG\right_2020_09_04_12_33_07_378.jpg,0,0,0,2.713908
D:\tmp\try5\IMG\center_2020_09_04_12_33_07_511.jpg,D:\tmp\try5\IMG\left_2020_09_04_12_33_07_511.jpg,D:\tmp\try5\IMG\right_2020_09_04_12_33_07_511.jpg,0,0.2717952,0,2.984791
D:\tmp\try5\IMG\center_2020_09_04_12_33_07_622.jpg,D:\tmp\try5\IMG\left_2020_09_04_12_33_07_622.jpg,D:\tmp\try5\IMG\right_2020_09_04_12_33_07_622.jpg,0,0.6077484,0,3.652897
D:\tmp\try5\IMG\center_2020_09_04_12_33_07_739.jpg,D:\tmp\try5\IMG\left_2020_09_04_12_33_07_739.jpg,D:\tmp\try5\IMG\right_2020_09_04_12_33_07_739.jpg,0,0.9635241,0,4.877502
D:\tmp\try5\IMG\center_2020_09_04_12_33_07_835.jpg,D:\tmp\try5\IMG\left_2020_09_04_12_33_07_835.jpg,D:\tmp\try5\IMG\right_2020_09_04_12_33_07_835.jpg,0,0.6857235,0,5.674898
D:\tmp\try5\IMG\center_2020_09_04_12_33_07_951.jpg,D:\tmp\try5\IMG\left_2020_09_04_12_33_07_951.jpg,D:\tmp\try5\IMG\right_2020_09_04_12_33_07_951.jpg,0,0.3327048,0,6.230113
D:\tmp\try5\IMG\center_2020_09_04_12_33_08_068.jpg,D:\tmp\try5\IMG\left_2020_09_04_12_33_08_068.jpg,D:\tmp\try5\IMG\right_2020_09_04_12_33_08_068.jpg,0,0,0,6.278726
D:\tmp\try5\IMG\center_2020_09_04_12_33_08_136.jpg,D:\tmp\try5\IMG\left_2020_09_04_12_33_08_136.jpg,D:\tmp\try5\IMG\right_2020_09_04_12_33_08_136.jpg,-0.2,0,0,6.222628
D:\tmp\try5\IMG\center_2020_09_04_12_33_08_268.jpg,D:\tmp\try5\IMG\left_2020_09_04_12_33_08_268.jpg,D:\tmp\try5\IMG\right_2020_09_04_12_33_08_268.jpg,-0.5000001,0,0,6.106908
D:\tmp\try5\IMG\center_2020_09_04_12_33_08_352.jpg,D:\tmp\try5\IMG\left_2020_09_04_12_33_08_352.jpg,D:\tmp\try5\IMG\right_2020_09_04_12_33_08_352.jpg,-0.7500002,0,0,5.98599
D:\tmp\try5\IMG\center_2020_09_04_12_33_08_459.jpg,D:\tmp\try5\IMG\left_2020_09_04_12_33_08_459.jpg,D:\tmp\try5\IMG\right_2020_09_04_12_33_08_459.jpg,0,0,0,5.816131
D:\tmp\try5\IMG\center_2020_09_04_12_33_08_539.jpg,D:\tmp\try5\IMG\left_2020_09_04_12_33_08_539.jpg,D:\tmp\try5\IMG\right_2020_09_04_12_33_08_539.jpg,0,0,0,5.764274
D:\tmp\try5\IMG\center_2020_09_04_12_33_08_614.jpg,D:\tmp\try5\IMG\left_2020_09_04_12_33_08_614.jpg,D:\tmp\try5\IMG\right_2020_09_04_12_33_08_614.jpg,0,0,0,5.720177
D:\tmp\try5\IMG\center_2020_09_04_12_33_08_736.jpg,D:\tmp\try5\IMG\left_2020_09_04_12_33_08_736.jpg,D:\tmp\try5\IMG\right_2020_09_04_12_33_08_736.jpg,0,0,0,5.655
D:\tmp\try5\IMG\center_2020_09_04_12_33_08_806.jpg,D:\tmp\try5\IMG\left_2020_09_04_12_33_08_806.jpg,D:\tmp\try5\IMG\right_2020_09_04_12_33_08_806.jpg,-0.15,0,0,5.61812
D:\tmp\try5\IMG\center_2020_09_04_12_33_08_938.jpg,D:\tmp\try5\IMG\left_2020_09_04_12_33_08_938.jpg,D:\tmp\try5\IMG\right_2020_09_04_12_33_08_938.jpg,0,0,0,5.542736
D:\tmp\try5\IMG\center_2020_09_04_12_33_09_044.jpg,D:\tmp\try5\IMG\left_2020_09_04_12_33_09_044.jpg,D:\tmp\try5\IMG\right_2020_09_04_12_33_09_044.jpg,0,0,0,5.490108
D:\tmp\try5\IMG\center_2020_09_04_12_33_09_140.jpg,D:\tmp\try5\IMG\left_2020_09_04_12_33_09_140.jpg,D:\tmp\try5\IMG\right_2020_09_04_12_33_09_140.jpg,0,0,0,5.43784
D:\tmp\try5\IMG\center_2020_09_04_12_33_09_240.jpg,D:\tmp\try5\IMG\left_2020_09_04_12_33_09_240.jpg,D:\tmp\try5\IMG\right_2020_09_04_12_33_09_240.jpg,0,0,0,5.385105
D:\tmp\try5\IMG\center_2020_09_04_12_33_09_309.jpg,D:\tmp\try5\IMG\left_2020_09_04_12_33_09_309.jpg,D:\tmp\try5\IMG\right_2020_09_04_12_33_09_309.jpg,-0.2,0,0,5.335408
D:\tmp\try5\IMG\center_2020_09_04_12_33_09_437.jpg,D:\tmp\try5\IMG\left_2020_09_04_12_33_09_437.jpg,D:\tmp\try5\IMG\right_2020_09_04_12_33_09_437.jpg,0,0,0,5.248902
D:\tmp\try5\IMG\center_2020_09_04_12_33_09_506.jpg,D:\tmp\try5\IMG\left_2020_09_04_12_33_09_506.jpg,D:\tmp\try5\IMG\right_2020_09_04_12_33_09_506.jpg,0,0,0,5.217408
D:\tmp\try5\IMG\center_2020_09_04_12_33_09_578.jpg,D:\tmp\try5\IMG\left_2020_09_04_12_33_09_578.jpg,D:\tmp\try5\IMG\right_2020_09_04_12_33_09_578.jpg,0,0,0,5.176424
D:\tmp\try5\IMG\center_2020_09_04_12_33_09_723.jpg,D:\tmp\try5\IMG\left_2020_09_04_12_33_09_723.jpg,D:\tmp\try5\IMG\right_2020_09_04_12_33_09_723.jpg,0,0,0,5.105801
D:\tmp\try5\IMG\center_2020_09_04_12_33_09_835.jpg,D:\tmp\try5\IMG\left_2020_09_04_12_33_09_835.jpg,D:\tmp\try5\IMG\right_2020_09_04_12_33_09_835.jpg,0,0,0,5.045843
D:\tmp\try5\IMG\center_2020_09_04_12_33_29_289.jpg,D:\tmp\try5\IMG\left_2020_09_04_12_33_29_289.jpg,D:\tmp\try5\IMG\right_2020_09_04_12_33_29_289.jpg,0,0,0,8.451821
D:\tmp\try5\IMG\center_2020_09_04_12_33_29_365.jpg,D:\tmp\try5\IMG\left_2020_09_04_12_33_29_365.jpg,D:\tmp\try5\IMG\right_2020_09_04_12_33_29_365.jpg,0,0,0,8.383705
D:\tmp\try5\IMG\center_2020_09_04_12_33_29_461.jpg,D:\tmp\try5\IMG\left_2020_09_04_12_33_29_461.jpg,D:\tmp\try5\IMG\right_2020_09_04_12_33_29_461.jpg,0,0,0,8.300064
D:\tmp\try5\IMG\center_2020_09_04_12_33_29_593.jpg,D:\tmp\try5\IMG\left_2020_09_04_12_33_29_593.jpg,D:\tmp\try5\IMG\right_2020_09_04_12_33_29_593.jpg,0,0,0,8.184381
D:\tmp\try5\IMG\center_2020_09_04_12_33_29_706.jpg,D:\tmp\try5\IMG\left_2020_09_04_12_33_29_706.jpg,D:\tmp\try5\IMG\right_2020_09_04_12_33_29_706.jpg,0,0,0,8.102748
D:\tmp\try5\IMG\center_2020_09_04_12_33_29_821.jpg,D:\tmp\try5\IMG\left_2020_09_04_12_33_29_821.jpg,D:\tmp\try5\IMG\right_2020_09_04_12_33_29_821.jpg,0,0,0,8.005869
D:\tmp\try5\IMG\center_2020_09_04_12_33_29_936.jpg,D:\tmp\try5\IMG\left_2020_09_04_12_33_29_936.jpg,D:\tmp\try5\IMG\right_2020_09_04_12_33_29_936.jpg,0,0,0,8.031806
D:\tmp\try5\IMG\center_2020_09_04_12_33_30_052.jpg,D:\tmp\try5\IMG\left_2020_09_04_12_33_30_052.jpg,D:\tmp\try5\IMG\right_2020_09_04_12_33_30_052.jpg,0,0,0,7.935779
D:\tmp\try5\IMG\center_2020_09_04_12_33_30_170.jpg,D:\tmp\try5\IMG\left_2020_09_04_12_33_30_170.jpg,D:\tmp\try5\IMG\right_2020_09_04_12_33_30_170.jpg,0.15,0,0,7.837084
D:\tmp\try5\IMG\center_2020_09_04_12_33_30_242.jpg,D:\tmp\try5\IMG\left_2020_09_04_12_33_30_242.jpg,D:\tmp\try5\IMG\right_2020_09_04_12_33_30_242.jpg,0.3,0,0,7.775152
D:\tmp\try5\IMG\center_2020_09_04_12_33_30_350.jpg,D:\tmp\try5\IMG\left_2020_09_04_12_33_30_350.jpg,D:\tmp\try5\IMG\right_2020_09_04_12_33_30_350.jpg,0.6000001,0,0,7.623383
D:\tmp\try5\IMG\center_2020_09_04_12_33_30_465.jpg,D:\tmp\try5\IMG\left_2020_09_04_12_33_30_465.jpg,D:\tmp\try5\IMG\right_2020_09_04_12_33_30_465.jpg,0.8500001,0,0,7.471911
D:\tmp\try5\IMG\center_2020_09_04_12_33_30_594.jpg,D:\tmp\try5\IMG\left_2020_09_04_12_33_30_594.jpg,D:\tmp\try5\IMG\right_2020_09_04_12_33_30_594.jpg,0,0,0,7.167526
D:\tmp\try5\IMG\center_2020_09_04_12_33_30_701.jpg,D:\tmp\try5\IMG\left_2020_09_04_12_33_30_701.jpg,D:\tmp\try5\IMG\right_2020_09_04_12_33_30_701.jpg,0,0,0,7.085206
D:\tmp\try5\IMG\center_2020_09_04_12_33_30_818.jpg,D:\tmp\try5\IMG\left_2020_09_04_12_33_30_818.jpg,D:\tmp\try5\IMG\right_2020_09_04_12_33_30_818.jpg,0,0,0,7.003665
D:\tmp\try5\IMG\center_2020_09_04_12_33_30_938.jpg,D:\tmp\try5\IMG\left_2020_09_04_12_33_30_938.jpg,D:\tmp\try5\IMG\right_2020_09_04_12_33_30_938.jpg,0,0,0,6.923645
D:\tmp\try5\IMG\center_2020_09_04_12_33_31_062.jpg,D:\tmp\try5\IMG\left_2020_09_04_12_33_31_062.jpg,D:\tmp\try5\IMG\right_2020_09_04_12_33_31_062.jpg,0,0,0,6.844614
D:\tmp\try5\IMG\center_2020_09_04_12_33_31_175.jpg,D:\tmp\try5\IMG\left_2020_09_04_12_33_31_175.jpg,D:\tmp\try5\IMG\right_2020_09_04_12_33_31_175.jpg,0,0,0,6.765956
D:\tmp\try5\IMG\center_2020_09_04_12_33_31_244.jpg,D:\tmp\try5\IMG\left_2020_09_04_12_33_31_244.jpg,D:\tmp\try5\IMG\right_2020_09_04_12_33_31_244.jpg,0,0,0,6.726436
D:\tmp\try5\IMG\center_2020_09_04_12_33_31_359.jpg,D:\tmp\try5\IMG\left_2020_09_04_12_33_31_359.jpg,D:\tmp\try5\IMG\right_2020_09_04_12_33_31_359.jpg,0,0.1618278,0,6.756648
D:\tmp\try5\IMG\center_2020_09_04_12_33_31_485.jpg,D:\tmp\try5\IMG\left_2020_09_04_12_33_31_485.jpg,D:\tmp\try5\IMG\right_2020_09_04_12_33_31_485.jpg,0,0.5411382,0,7.302218
D:\tmp\try5\IMG\center_2020_09_04_12_33_31_600.jpg,D:\tmp\try5\IMG\left_2020_09_04_12_33_31_600.jpg,D:\tmp\try5\IMG\right_2020_09_04_12_33_31_600.jpg,0,0.1998807,0,7.641719
D:\tmp\try5\IMG\center_2020_09_04_12_33_31_739.jpg,D:\tmp\try5\IMG\left_2020_09_04_12_33_31_739.jpg,D:\tmp\try5\IMG\right_2020_09_04_12_33_31_739.jpg,0,0,0,7.56698
D:\tmp\try5\IMG\center_2020_09_04_12_33_31_841.jpg,D:\tmp\try5\IMG\left_2020_09_04_12_33_31_841.jpg,D:\tmp\try5\IMG\right_2020_09_04_12_33_31_841.jpg,0,0,0,7.493201
D:\tmp\try5\IMG\center_2020_09_04_12_33_31_916.jpg,D:\tmp\try5\IMG\left_2020_09_04_12_33_31_916.jpg,D:\tmp\try5\IMG\right_2020_09_04_12_33_31_916.jpg,0,0,0,7.434711
D:\tmp\try5\IMG\center_2020_09_04_12_33_32_023.jpg,D:\tmp\try5\IMG\left_2020_09_04_12_33_32_023.jpg,D:\tmp\try5\IMG\right_2020_09_04_12_33_32_023.jpg,0,0,0,7.362258
D:\tmp\try5\IMG\center_2020_09_04_12_33_32_144.jpg,D:\tmp\try5\IMG\left_2020_09_04_12_33_32_144.jpg,D:\tmp\try5\IMG\right_2020_09_04_12_33_32_144.jpg,0,0,0,7.276277
D:\tmp\try5\IMG\center_2020_09_04_12_33_32_263.jpg,D:\tmp\try5\IMG\left_2020_09_04_12_33_32_263.jpg,D:\tmp\try5\IMG\right_2020_09_04_12_33_32_263.jpg,0,0,0,7.191328
D:\tmp\try5\IMG\center_2020_09_04_12_33_32_381.jpg,D:\tmp\try5\IMG\left_2020_09_04_12_33_32_381.jpg,D:\tmp\try5\IMG\right_2020_09_04_12_33_32_381.jpg,0,0,0,7.107401
D:\tmp\try5\IMG\center_2020_09_04_12_33_32_518.jpg,D:\tmp\try5\IMG\left_2020_09_04_12_33_32_518.jpg,D:\tmp\try5\IMG\right_2020_09_04_12_33_32_518.jpg,0,0,0,7.010762
D:\tmp\try5\IMG\center_2020_09_04_12_33_32_643.jpg,D:\tmp\try5\IMG\left_2020_09_04_12_33_32_643.jpg,D:\tmp\try5\IMG\right_2020_09_04_12_33_32_643.jpg,0,0,0,6.929001
D:\tmp\try5\IMG\center_2020_09_04_12_33_32_770.jpg,D:\tmp\try5\IMG\left_2020_09_04_12_33_32_770.jpg,D:\tmp\try5\IMG\right_2020_09_04_12_33_32_770.jpg,0,0,0,6.834857
D:\tmp\try5\IMG\center_2020_09_04_12_33_32_873.jpg,D:\tmp\try5\IMG\left_2020_09_04_12_33_32_873.jpg,D:\tmp\try5\IMG\right_2020_09_04_12_33_32_873.jpg,0,0,0,6.76842
D:\tmp\try5\IMG\center_2020_09_04_12_33_32_954.jpg,D:\tmp\try5\IMG\left_2020_09_04_12_33_32_954.jpg,D:\tmp\try5\IMG\right_2020_09_04_12_33_32_954.jpg,0,0,0,6.71575
D:\tmp\try5\IMG\center_2020_09_04_12_33_33_061.jpg,D:\tmp\try5\IMG\left_2020_09_04_12_33_33_061.jpg,D:\tmp\try5\IMG\right_2020_09_04_12_33_33_061.jpg,0,0,0,6.650508
D:\tmp\try5\IMG\center_2020_09_04_12_33_33_192.jpg,D:\tmp\try5\IMG\left_2020_09_04_12_33_33_192.jpg,D:\tmp\try5\IMG\right_2020_09_04_12_33_33_192.jpg,0,0,0,6.56027
D:\tmp\try5\IMG\center_2020_09_04_12_33_33_306.jpg,D:\tmp\try5\IMG\left_2020_09_04_12_33_33_306.jpg,D:\tmp\try5\IMG\right_2020_09_04_12_33_33_306.jpg,0,0,0,6.49659
D:\tmp\try5\IMG\center_2020_09_04_12_33_33_430.jpg,D:\tmp\try5\IMG\left_2020_09_04_12_33_33_430.jpg,D:\tmp\try5\IMG\right_2020_09_04_12_33_33_430.jpg,0,0,0,6.409271
D:\tmp\try5\IMG\center_2020_09_04_12_33_33_552.jpg,D:\tmp\try5\IMG\left_2020_09_04_12_33_33_552.jpg,D:\tmp\try5\IMG\right_2020_09_04_12_33_33_552.jpg,0,0,0,6.335632
D:\tmp\try5\IMG\center_2020_09_04_12_33_33_629.jpg,D:\tmp\try5\IMG\left_2020_09_04_12_33_33_629.jpg,D:\tmp\try5\IMG\right_2020_09_04_12_33_33_629.jpg,0,0,0,6.299144
D:\tmp\try5\IMG\center_2020_09_04_12_33_33_743.jpg,D:\tmp\try5\IMG\left_2020_09_04_12_33_33_743.jpg,D:\tmp\try5\IMG\right_2020_09_04_12_33_33_743.jpg,-0.3,0,0,6.206384
D:\tmp\try5\IMG\center_2020_09_04_12_33_33_860.jpg,D:\tmp\try5\IMG\left_2020_09_04_12_33_33_860.jpg,D:\tmp\try5\IMG\right_2020_09_04_12_33_33_860.jpg,-0.6000001,0,0,6.077979
D:\tmp\try5\IMG\center_2020_09_04_12_33_34_001.jpg,D:\tmp\try5\IMG\left_2020_09_04_12_33_34_001.jpg,D:\tmp\try5\IMG\right_2020_09_04_12_33_34_001.jpg,-0.9500002,0,0,5.885366
D:\tmp\try5\IMG\center_2020_09_04_12_33_34_132.jpg,D:\tmp\try5\IMG\left_2020_09_04_12_33_34_132.jpg,D:\tmp\try5\IMG\right_2020_09_04_12_33_34_132.jpg,0,0,0,5.692138
D:\tmp\try5\IMG\center_2020_09_04_12_33_34_233.jpg,D:\tmp\try5\IMG\left_2020_09_04_12_33_34_233.jpg,D:\tmp\try5\IMG\right_2020_09_04_12_33_34_233.jpg,0,0,0,5.636177
D:\tmp\try5\IMG\center_2020_09_04_12_33_34_355.jpg,D:\tmp\try5\IMG\left_2020_09_04_12_33_34_355.jpg,D:\tmp\try5\IMG\right_2020_09_04_12_33_34_355.jpg,0,0,0,5.570115
D:\tmp\try5\IMG\center_2020_09_04_12_33_34_429.jpg,D:\tmp\try5\IMG\left_2020_09_04_12_33_34_429.jpg,D:\tmp\try5\IMG\right_2020_09_04_12_33_34_429.jpg,0,0,0,5.537375
D:\tmp\try5\IMG\center_2020_09_04_12_33_34_539.jpg,D:\tmp\try5\IMG\left_2020_09_04_12_33_34_539.jpg,D:\tmp\try5\IMG\right_2020_09_04_12_33_34_539.jpg,-0.15,0,0,5.468612
D:\tmp\try5\IMG\center_2020_09_04_12_33_34_615.jpg,D:\tmp\try5\IMG\left_2020_09_04_12_33_34_615.jpg,D:\tmp\try5\IMG\right_2020_09_04_12_33_34_615.jpg,0,0,0,5.425494
D:\tmp\try5\IMG\center_2020_09_04_12_33_34_732.jpg,D:\tmp\try5\IMG\left_2020_09_04_12_33_34_732.jpg,D:\tmp\try5\IMG\right_2020_09_04_12_33_34_732.jpg,0,0,0,5.362621
D:\tmp\try5\IMG\center_2020_09_04_12_33_34_849.jpg,D:\tmp\try5\IMG\left_2020_09_04_12_33_34_849.jpg,D:\tmp\try5\IMG\right_2020_09_04_12_33_34_849.jpg,0,0,0,5.310806
D:\tmp\try5\IMG\center_2020_09_04_12_33_34_964.jpg,D:\tmp\try5\IMG\left_2020_09_04_12_33_34_964.jpg,D:\tmp\try5\IMG\right_2020_09_04_12_33_34_964.jpg,0,0,0,5.24931
D:\tmp\try5\IMG\center_2020_09_04_12_33_35_037.jpg,D:\tmp\try5\IMG\left_2020_09_04_12_33_35_037.jpg,D:\tmp\try5\IMG\right_2020_09_04_12_33_35_037.jpg,0,0,0,5.208726
D:\tmp\try5\IMG\center_2020_09_04_12_33_35_144.jpg,D:\tmp\try5\IMG\left_2020_09_04_12_33_35_144.jpg,D:\tmp\try5\IMG\right_2020_09_04_12_33_35_144.jpg,0,0,0,5.157943
D:\tmp\try5\IMG\center_2020_09_04_12_33_35_214.jpg,D:\tmp\try5\IMG\left_2020_09_04_12_33_35_214.jpg,D:\tmp\try5\IMG\right_2020_09_04_12_33_35_214.jpg,0,0,0,5.117693
D:\tmp\try5\IMG\center_2020_09_04_12_33_35_329.jpg,D:\tmp\try5\IMG\left_2020_09_04_12_33_35_329.jpg,D:\tmp\try5\IMG\right_2020_09_04_12_33_35_329.jpg,0,0,0,5.067444
D:\tmp\try5\IMG\center_2020_09_04_12_33_35_404.jpg,D:\tmp\try5\IMG\left_2020_09_04_12_33_35_404.jpg,D:\tmp\try5\IMG\right_2020_09_04_12_33_35_404.jpg,0,0,0,5.027412
D:\tmp\try5\IMG\center_2020_09_04_12_33_35_529.jpg,D:\tmp\try5\IMG\left_2020_09_04_12_33_35_529.jpg,D:\tmp\try5\IMG\right_2020_09_04_12_33_35_529.jpg,0,0,0,4.967975
D:\tmp\try5\IMG\center_2020_09_04_12_33_35_649.jpg,D:\tmp\try5\IMG\left_2020_09_04_12_33_35_649.jpg,D:\tmp\try5\IMG\right_2020_09_04_12_33_35_649.jpg,0,0,0,4.909248
D:\tmp\try5\IMG\center_2020_09_04_12_33_35_774.jpg,D:\tmp\try5\IMG\left_2020_09_04_12_33_35_774.jpg,D:\tmp\try5\IMG\right_2020_09_04_12_33_35_774.jpg,0,0,0,4.851233
D:\tmp\try5\IMG\center_2020_09_04_12_33_57_811.jpg,D:\tmp\try5\IMG\left_2020_09_04_12_33_57_811.jpg,D:\tmp\try5\IMG\right_2020_09_04_12_33_57_811.jpg,0,0,0,8.063903
D:\tmp\try5\IMG\center_2020_09_04_12_33_57_923.jpg,D:\tmp\try5\IMG\left_2020_09_04_12_33_57_923.jpg,D:\tmp\try5\IMG\right_2020_09_04_12_33_57_923.jpg,0,0,0,7.98372
D:\tmp\try5\IMG\center_2020_09_04_12_33_58_042.jpg,D:\tmp\try5\IMG\left_2020_09_04_12_33_58_042.jpg,D:\tmp\try5\IMG\right_2020_09_04_12_33_58_042.jpg,0,0,0,7.888565
D:\tmp\try5\IMG\center_2020_09_04_12_33_58_172.jpg,D:\tmp\try5\IMG\left_2020_09_04_12_33_58_172.jpg,D:\tmp\try5\IMG\right_2020_09_04_12_33_58_172.jpg,0,0,0,7.917542
D:\tmp\try5\IMG\center_2020_09_04_12_33_58_300.jpg,D:\tmp\try5\IMG\left_2020_09_04_12_33_58_300.jpg,D:\tmp\try5\IMG\right_2020_09_04_12_33_58_300.jpg,0.3,0,0,7.805183
D:\tmp\try5\IMG\center_2020_09_04_12_33_58_368.jpg,D:\tmp\try5\IMG\left_2020_09_04_12_33_58_368.jpg,D:\tmp\try5\IMG\right_2020_09_04_12_33_58_368.jpg,0.45,0,0,7.731982
D:\tmp\try5\IMG\center_2020_09_04_12_33_58_500.jpg,D:\tmp\try5\IMG\left_2020_09_04_12_33_58_500.jpg,D:\tmp\try5\IMG\right_2020_09_04_12_33_58_500.jpg,0,0,0,7.602395
D:\tmp\try5\IMG\center_2020_09_04_12_33_58_632.jpg,D:\tmp\try5\IMG\left_2020_09_04_12_33_58_632.jpg,D:\tmp\try5\IMG\right_2020_09_04_12_33_58_632.jpg,0,0,0,7.493808
D:\tmp\try5\IMG\center_2020_09_04_12_33_58_759.jpg,D:\tmp\try5\IMG\left_2020_09_04_12_33_58_759.jpg,D:\tmp\try5\IMG\right_2020_09_04_12_33_58_759.jpg,0.3,0,0,7.387987
D:\tmp\try5\IMG\center_2020_09_04_12_33_58_903.jpg,D:\tmp\try5\IMG\left_2020_09_04_12_33_58_903.jpg,D:\tmp\try5\IMG\right_2020_09_04_12_33_58_903.jpg,0.2,0,0,7.27472
D:\tmp\try5\IMG\center_2020_09_04_12_33_59_035.jpg,D:\tmp\try5\IMG\left_2020_09_04_12_33_59_035.jpg,D:\tmp\try5\IMG\right_2020_09_04_12_33_59_035.jpg,0,0,0,7.157268
D:\tmp\try5\IMG\center_2020_09_04_12_33_59_141.jpg,D:\tmp\try5\IMG\left_2020_09_04_12_33_59_141.jpg,D:\tmp\try5\IMG\right_2020_09_04_12_33_59_141.jpg,0.25,0,0,7.076849
D:\tmp\try5\IMG\center_2020_09_04_12_33_59_233.jpg,D:\tmp\try5\IMG\left_2020_09_04_12_33_59_233.jpg,D:\tmp\try5\IMG\right_2020_09_04_12_33_59_233.jpg,0.5000001,0,0,6.968055
D:\tmp\try5\IMG\center_2020_09_04_12_33_59_335.jpg,D:\tmp\try5\IMG\left_2020_09_04_12_33_59_335.jpg,D:\tmp\try5\IMG\right_2020_09_04_12_33_59_335.jpg,0.7500002,0,0,6.836268
D:\tmp\try5\IMG\center_2020_09_04_12_33_59_422.jpg,D:\tmp\try5\IMG\left_2020_09_04_12_33_59_422.jpg,D:\tmp\try5\IMG\right_2020_09_04_12_33_59_422.jpg,0,0,0,6.712541
D:\tmp\try5\IMG\center_2020_09_04_12_33_59_553.jpg,D:\tmp\try5\IMG\left_2020_09_04_12_33_59_553.jpg,D:\tmp\try5\IMG\right_2020_09_04_12_33_59_553.jpg,0,0,0,6.620131
D:\tmp\try5\IMG\center_2020_09_04_12_33_59_659.jpg,D:\tmp\try5\IMG\left_2020_09_04_12_33_59_659.jpg,D:\tmp\try5\IMG\right_2020_09_04_12_33_59_659.jpg,0.15,0,0,6.55319
D:\tmp\try5\IMG\center_2020_09_04_12_33_59_738.jpg,D:\tmp\try5\IMG\left_2020_09_04_12_33_59_738.jpg,D:\tmp\try5\IMG\right_2020_09_04_12_33_59_738.jpg,0,0,0,6.501945
D:\tmp\try5\IMG\center_2020_09_04_12_33_59_863.jpg,D:\tmp\try5\IMG\left_2020_09_04_12_33_59_863.jpg,D:\tmp\try5\IMG\right_2020_09_04_12_33_59_863.jpg,0,0,0,6.427509
D:\tmp\try5\IMG\center_2020_09_04_12_33_59_936.jpg,D:\tmp\try5\IMG\left_2020_09_04_12_33_59_936.jpg,D:\tmp\try5\IMG\right_2020_09_04_12_33_59_936.jpg,0,0,0,6.378451
D:\tmp\try5\IMG\center_2020_09_04_12_34_00_050.jpg,D:\tmp\try5\IMG\left_2020_09_04_12_34_00_050.jpg,D:\tmp\try5\IMG\right_2020_09_04_12_34_00_050.jpg,0,0,0,6.305613
D:\tmp\try5\IMG\center_2020_09_04_12_34_00_135.jpg,D:\tmp\try5\IMG\left_2020_09_04_12_34_00_135.jpg,D:\tmp\try5\IMG\right_2020_09_04_12_34_00_135.jpg,0.2,0,0,6.25024
D:\tmp\try5\IMG\center_2020_09_04_12_34_00_259.jpg,D:\tmp\try5\IMG\left_2020_09_04_12_34_00_259.jpg,D:\tmp\try5\IMG\right_2020_09_04_12_34_00_259.jpg,0.5000001,0,0,6.139215
D:\tmp\try5\IMG\center_2020_09_04_12_34_00_330.jpg,D:\tmp\try5\IMG\left_2020_09_04_12_34_00_330.jpg,D:\tmp\try5\IMG\right_2020_09_04_12_34_00_330.jpg,0.7,0,0,6.049847
D:\tmp\try5\IMG\center_2020_09_04_12_34_00_470.jpg,D:\tmp\try5\IMG\left_2020_09_04_12_34_00_470.jpg,D:\tmp\try5\IMG\right_2020_09_04_12_34_00_470.jpg,0,0,0,5.923216
D:\tmp\try5\IMG\center_2020_09_04_12_34_00_597.jpg,D:\tmp\try5\IMG\left_2020_09_04_12_34_00_597.jpg,D:\tmp\try5\IMG\right_2020_09_04_12_34_00_597.jpg,-0.25,0,0,5.830294
D:\tmp\try5\IMG\center_2020_09_04_12_34_00_729.jpg,D:\tmp\try5\IMG\left_2020_09_04_12_34_00_729.jpg,D:\tmp\try5\IMG\right_2020_09_04_12_34_00_729.jpg,0,0,0,5.742806
D:\tmp\try5\IMG\center_2020_09_04_12_34_00_859.jpg,D:\tmp\try5\IMG\left_2020_09_04_12_34_00_859.jpg,D:\tmp\try5\IMG\right_2020_09_04_12_34_00_859.jpg,-0.25,0,0,5.655642
D:\tmp\try5\IMG\center_2020_09_04_12_34_00_972.jpg,D:\tmp\try5\IMG\left_2020_09_04_12_34_00_972.jpg,D:\tmp\try5\IMG\right_2020_09_04_12_34_00_972.jpg,-0.15,0,0,5.584276
D:\tmp\try5\IMG\center_2020_09_04_12_34_01_121.jpg,D:\tmp\try5\IMG\left_2020_09_04_12_34_01_121.jpg,D:\tmp\try5\IMG\right_2020_09_04_12_34_01_121.jpg,0,0,0,5.497204
D:\tmp\try5\IMG\center_2020_09_04_12_34_01_224.jpg,D:\tmp\try5\IMG\left_2020_09_04_12_34_01_224.jpg,D:\tmp\try5\IMG\right_2020_09_04_12_34_01_224.jpg,0,0,0,5.443561
D:\tmp\try5\IMG\center_2020_09_04_12_34_01_317.jpg,D:\tmp\try5\IMG\left_2020_09_04_12_34_01_317.jpg,D:\tmp\try5\IMG\right_2020_09_04_12_34_01_317.jpg,0,0,0,5.390511
D:\tmp\try5\IMG\center_2020_09_04_12_34_15_033.jpg,D:\tmp\try5\IMG\left_2020_09_04_12_34_15_033.jpg,D:\tmp\try5\IMG\right_2020_09_04_12_34_15_033.jpg,0,0,0,3.781713
D:\tmp\try5\IMG\center_2020_09_04_12_34_15_140.jpg,D:\tmp\try5\IMG\left_2020_09_04_12_34_15_140.jpg,D:\tmp\try5\IMG\right_2020_09_04_12_34_15_140.jpg,0.15,0,0,3.738657
D:\tmp\try5\IMG\center_2020_09_04_12_34_15_207.jpg,D:\tmp\try5\IMG\left_2020_09_04_12_34_15_207.jpg,D:\tmp\try5\IMG\right_2020_09_04_12_34_15_207.jpg,0.3,0,0,3.707837
D:\tmp\try5\IMG\center_2020_09_04_12_34_15_275.jpg,D:\tmp\try5\IMG\left_2020_09_04_12_34_15_275.jpg,D:\tmp\try5\IMG\right_2020_09_04_12_34_15_275.jpg,0.5000001,0,0,3.661703
D:\tmp\try5\IMG\center_2020_09_04_12_34_15_393.jpg,D:\tmp\try5\IMG\left_2020_09_04_12_34_15_393.jpg,D:\tmp\try5\IMG\right_2020_09_04_12_34_15_393.jpg,0.8000001,0,0,3.580855
D:\tmp\try5\IMG\center_2020_09_04_12_34_15_461.jpg,D:\tmp\try5\IMG\left_2020_09_04_12_34_15_461.jpg,D:\tmp\try5\IMG\right_2020_09_04_12_34_15_461.jpg,0.9500002,0,0,3.532916
D:\tmp\try5\IMG\center_2020_09_04_12_34_15_578.jpg,D:\tmp\try5\IMG\left_2020_09_04_12_34_15_578.jpg,D:\tmp\try5\IMG\right_2020_09_04_12_34_15_578.jpg,1,0,0,3.459072
D:\tmp\try5\IMG\center_2020_09_04_12_34_15_660.jpg,D:\tmp\try5\IMG\left_2020_09_04_12_34_15_660.jpg,D:\tmp\try5\IMG\right_2020_09_04_12_34_15_660.jpg,1,0,0,3.419161
D:\tmp\try5\IMG\center_2020_09_04_12_34_15_785.jpg,D:\tmp\try5\IMG\left_2020_09_04_12_34_15_785.jpg,D:\tmp\try5\IMG\right_2020_09_04_12_34_15_785.jpg,1,0,0,3.360847
D:\tmp\try5\IMG\center_2020_09_04_12_34_15_917.jpg,D:\tmp\try5\IMG\left_2020_09_04_12_34_15_917.jpg,D:\tmp\try5\IMG\right_2020_09_04_12_34_15_917.jpg,1,0,0,3.294677
D:\tmp\try5\IMG\center_2020_09_04_12_34_16_015.jpg,D:\tmp\try5\IMG\left_2020_09_04_12_34_16_015.jpg,D:\tmp\try5\IMG\right_2020_09_04_12_34_16_015.jpg,1,0,0,3.24859
D:\tmp\try5\IMG\center_2020_09_04_12_34_16_104.jpg,D:\tmp\try5\IMG\left_2020_09_04_12_34_16_104.jpg,D:\tmp\try5\IMG\right_2020_09_04_12_34_16_104.jpg,1,0,0,3.212415
D:\tmp\try5\IMG\center_2020_09_04_12_34_16_224.jpg,D:\tmp\try5\IMG\left_2020_09_04_12_34_16_224.jpg,D:\tmp\try5\IMG\right_2020_09_04_12_34_16_224.jpg,0,0,0,3.076902
D:\tmp\try5\IMG\center_2020_09_04_12_34_16_360.jpg,D:\tmp\try5\IMG\left_2020_09_04_12_34_16_360.jpg,D:\tmp\try5\IMG\right_2020_09_04_12_34_16_360.jpg,0,0,0,3.035418
D:\tmp\try5\IMG\center_2020_09_04_12_34_16_467.jpg,D:\tmp\try5\IMG\left_2020_09_04_12_34_16_467.jpg,D:\tmp\try5\IMG\right_2020_09_04_12_34_16_467.jpg,0,0.186138,0,3.121084
D:\tmp\try5\IMG\center_2020_09_04_12_34_16_542.jpg,D:\tmp\try5\IMG\left_2020_09_04_12_34_16_542.jpg,D:\tmp\try5\IMG\right_2020_09_04_12_34_16_542.jpg,0,0.4113108,0,3.501826
D:\tmp\try5\IMG\center_2020_09_04_12_34_16_682.jpg,D:\tmp\try5\IMG\left_2020_09_04_12_34_16_682.jpg,D:\tmp\try5\IMG\right_2020_09_04_12_34_16_682.jpg,0,0.8297023,0,4.661702
D:\tmp\try5\IMG\center_2020_09_04_12_34_16_810.jpg,D:\tmp\try5\IMG\left_2020_09_04_12_34_16_810.jpg,D:\tmp\try5\IMG\right_2020_09_04_12_34_16_810.jpg,0,0.4463401,0,5.420815
D:\tmp\try5\IMG\center_2020_09_04_12_34_16_920.jpg,D:\tmp\try5\IMG\left_2020_09_04_12_34_16_920.jpg,D:\tmp\try5\IMG\right_2020_09_04_12_34_16_920.jpg,0,0.1133722,0,5.656925
D:\tmp\try5\IMG\center_2020_09_04_12_34_17_001.jpg,D:\tmp\try5\IMG\left_2020_09_04_12_34_17_001.jpg,D:\tmp\try5\IMG\right_2020_09_04_12_34_17_001.jpg,0,0,0,5.618817
D:\tmp\try5\IMG\center_2020_09_04_12_34_17_139.jpg,D:\tmp\try5\IMG\left_2020_09_04_12_34_17_139.jpg,D:\tmp\try5\IMG\right_2020_09_04_12_34_17_139.jpg,0,0,0,5.542606
D:\tmp\try5\IMG\center_2020_09_04_12_34_17_246.jpg,D:\tmp\try5\IMG\left_2020_09_04_12_34_17_246.jpg,D:\tmp\try5\IMG\right_2020_09_04_12_34_17_246.jpg,0,0,0,5.488823
D:\tmp\try5\IMG\center_2020_09_04_12_34_17_317.jpg,D:\tmp\try5\IMG\left_2020_09_04_12_34_17_317.jpg,D:\tmp\try5\IMG\right_2020_09_04_12_34_17_317.jpg,0,0,0,5.446184
D:\tmp\try5\IMG\center_2020_09_04_12_34_17_455.jpg,D:\tmp\try5\IMG\left_2020_09_04_12_34_17_455.jpg,D:\tmp\try5\IMG\right_2020_09_04_12_34_17_455.jpg,0,0,0,5.372391
D:\tmp\try5\IMG\center_2020_09_04_12_34_17_530.jpg,D:\tmp\try5\IMG\left_2020_09_04_12_34_17_530.jpg,D:\tmp\try5\IMG\right_2020_09_04_12_34_17_530.jpg,0.15,0,0,5.337653
D:\tmp\try5\IMG\center_2020_09_04_12_34_17_652.jpg,D:\tmp\try5\IMG\left_2020_09_04_12_34_17_652.jpg,D:\tmp\try5\IMG\right_2020_09_04_12_34_17_652.jpg,0.5000001,0,0,5.229416
D:\tmp\try5\IMG\center_2020_09_04_12_34_17_785.jpg,D:\tmp\try5\IMG\left_2020_09_04_12_34_17_785.jpg,D:\tmp\try5\IMG\right_2020_09_04_12_34_17_785.jpg,0.8000001,0,0,5.11114
D:\tmp\try5\IMG\center_2020_09_04_12_34_17_853.jpg,D:\tmp\try5\IMG\left_2020_09_04_12_34_17_853.jpg,D:\tmp\try5\IMG\right_2020_09_04_12_34_17_853.jpg,0,0,0,5.002101
D:\tmp\try5\IMG\center_2020_09_04_12_34_17_987.jpg,D:\tmp\try5\IMG\left_2020_09_04_12_34_17_987.jpg,D:\tmp\try5\IMG\right_2020_09_04_12_34_17_987.jpg,0,0,0,4.943115
D:\tmp\try5\IMG\center_2020_09_04_12_34_18_122.jpg,D:\tmp\try5\IMG\left_2020_09_04_12_34_18_122.jpg,D:\tmp\try5\IMG\right_2020_09_04_12_34_18_122.jpg,0,0,0,4.87754
D:\tmp\try5\IMG\center_2020_09_04_12_34_18_192.jpg,D:\tmp\try5\IMG\left_2020_09_04_12_34_18_192.jpg,D:\tmp\try5\IMG\right_2020_09_04_12_34_18_192.jpg,0,0,0,4.840501
D:\tmp\try5\IMG\center_2020_09_04_12_34_18_262.jpg,D:\tmp\try5\IMG\left_2020_09_04_12_34_18_262.jpg,D:\tmp\try5\IMG\right_2020_09_04_12_34_18_262.jpg,0,0,0,4.812918
D:\tmp\try5\IMG\center_2020_09_04_12_34_18_331.jpg,D:\tmp\try5\IMG\left_2020_09_04_12_34_18_331.jpg,D:\tmp\try5\IMG\right_2020_09_04_12_34_18_331.jpg,0,0,0,4.776397
D:\tmp\try5\IMG\center_2020_09_04_12_34_18_400.jpg,D:\tmp\try5\IMG\left_2020_09_04_12_34_18_400.jpg,D:\tmp\try5\IMG\right_2020_09_04_12_34_18_400.jpg,0,0,0,4.749199
D:\tmp\try5\IMG\center_2020_09_04_12_34_18_470.jpg,D:\tmp\try5\IMG\left_2020_09_04_12_34_18_470.jpg,D:\tmp\try5\IMG\right_2020_09_04_12_34_18_470.jpg,0,0,0,4.722165
D:\tmp\try5\IMG\center_2020_09_04_12_34_18_538.jpg,D:\tmp\try5\IMG\left_2020_09_04_12_34_18_538.jpg,D:\tmp\try5\IMG\right_2020_09_04_12_34_18_538.jpg,0,0,0,4.686374
D:\tmp\try5\IMG\center_2020_09_04_12_34_18_605.jpg,D:\tmp\try5\IMG\left_2020_09_04_12_34_18_605.jpg,D:\tmp\try5\IMG\right_2020_09_04_12_34_18_605.jpg,0,0,0,4.659719
D:\tmp\try5\IMG\center_2020_09_04_12_34_18_673.jpg,D:\tmp\try5\IMG\left_2020_09_04_12_34_18_673.jpg,D:\tmp\try5\IMG\right_2020_09_04_12_34_18_673.jpg,0,0,0,4.624432
D:\tmp\try5\IMG\center_2020_09_04_12_34_18_743.jpg,D:\tmp\try5\IMG\left_2020_09_04_12_34_18_743.jpg,D:\tmp\try5\IMG\right_2020_09_04_12_34_18_743.jpg,-0.15,0,0,4.594108
D:\tmp\try5\IMG\center_2020_09_04_12_34_18_881.jpg,D:\tmp\try5\IMG\left_2020_09_04_12_34_18_881.jpg,D:\tmp\try5\IMG\right_2020_09_04_12_34_18_881.jpg,0,0,0,4.508452
D:\tmp\try5\IMG\center_2020_09_04_12_34_18_952.jpg,D:\tmp\try5\IMG\left_2020_09_04_12_34_18_952.jpg,D:\tmp\try5\IMG\right_2020_09_04_12_34_18_952.jpg,0,0,0,4.473918
D:\tmp\try5\IMG\center_2020_09_04_12_34_19_019.jpg,D:\tmp\try5\IMG\left_2020_09_04_12_34_19_019.jpg,D:\tmp\try5\IMG\right_2020_09_04_12_34_19_019.jpg,-0.15,0,0,4.444859
D:\tmp\try5\IMG\center_2020_09_04_12_34_19_090.jpg,D:\tmp\try5\IMG\left_2020_09_04_12_34_19_090.jpg,D:\tmp\try5\IMG\right_2020_09_04_12_34_19_090.jpg,0,0,0,4.418785
D:\tmp\try5\IMG\center_2020_09_04_12_34_19_158.jpg,D:\tmp\try5\IMG\left_2020_09_04_12_34_19_158.jpg,D:\tmp\try5\IMG\right_2020_09_04_12_34_19_158.jpg,0,0,0,4.38527
D:\tmp\try5\IMG\center_2020_09_04_12_34_19_229.jpg,D:\tmp\try5\IMG\left_2020_09_04_12_34_19_229.jpg,D:\tmp\try5\IMG\right_2020_09_04_12_34_19_229.jpg,-0.15,0,0,4.356555
D:\tmp\try5\IMG\center_2020_09_04_12_34_19_299.jpg,D:\tmp\try5\IMG\left_2020_09_04_12_34_19_299.jpg,D:\tmp\try5\IMG\right_2020_09_04_12_34_19_299.jpg,0,0,0,4.322778
D:\tmp\try5\IMG\center_2020_09_04_12_34_19_434.jpg,D:\tmp\try5\IMG\left_2020_09_04_12_34_19_434.jpg,D:\tmp\try5\IMG\right_2020_09_04_12_34_19_434.jpg,0,0,0,4.26564
D:\tmp\try5\IMG\center_2020_09_04_12_34_19_500.jpg,D:\tmp\try5\IMG\left_2020_09_04_12_34_19_500.jpg,D:\tmp\try5\IMG\right_2020_09_04_12_34_19_500.jpg,0,0,0,4.241394
D:\tmp\try5\IMG\center_2020_09_04_12_34_19_571.jpg,D:\tmp\try5\IMG\left_2020_09_04_12_34_19_571.jpg,D:\tmp\try5\IMG\right_2020_09_04_12_34_19_571.jpg,0,0,0,4.209293
D:\tmp\try5\IMG\center_2020_09_04_12_34_19_639.jpg,D:\tmp\try5\IMG\left_2020_09_04_12_34_19_639.jpg,D:\tmp\try5\IMG\right_2020_09_04_12_34_19_639.jpg,-0.15,0,0,4.181597
D:\tmp\try5\IMG\center_2020_09_04_12_34_19_713.jpg,D:\tmp\try5\IMG\left_2020_09_04_12_34_19_713.jpg,D:\tmp\try5\IMG\right_2020_09_04_12_34_19_713.jpg,-0.35,0,0,4.134485
D:\tmp\try5\IMG\center_2020_09_04_12_34_19_846.jpg,D:\tmp\try5\IMG\left_2020_09_04_12_34_19_846.jpg,D:\tmp\try5\IMG\right_2020_09_04_12_34_19_846.jpg,-0.6500001,0,0,4.046154
D:\tmp\try5\IMG\center_2020_09_04_12_34_19_915.jpg,D:\tmp\try5\IMG\left_2020_09_04_12_34_19_915.jpg,D:\tmp\try5\IMG\right_2020_09_04_12_34_19_915.jpg,-0.8500001,0,0,3.973888
D:\tmp\try5\IMG\center_2020_09_04_12_34_19_986.jpg,D:\tmp\try5\IMG\left_2020_09_04_12_34_19_986.jpg,D:\tmp\try5\IMG\right_2020_09_04_12_34_19_986.jpg,-1,0,0,3.910292
D:\tmp\try5\IMG\center_2020_09_04_12_34_20_126.jpg,D:\tmp\try5\IMG\left_2020_09_04_12_34_20_126.jpg,D:\tmp\try5\IMG\right_2020_09_04_12_34_20_126.jpg,-1,0,0,3.811782
D:\tmp\try5\IMG\center_2020_09_04_12_34_20_211.jpg,D:\tmp\try5\IMG\left_2020_09_04_12_34_20_211.jpg,D:\tmp\try5\IMG\right_2020_09_04_12_34_20_211.jpg,-1,0,0,3.749917
D:\tmp\try5\IMG\center_2020_09_04_12_34_20_363.jpg,D:\tmp\try5\IMG\left_2020_09_04_12_34_20_363.jpg,D:\tmp\try5\IMG\right_2020_09_04_12_34_20_363.jpg,-1,0,0,3.664105
D:\tmp\try5\IMG\center_2020_09_04_12_34_20_477.jpg,D:\tmp\try5\IMG\left_2020_09_04_12_34_20_477.jpg,D:\tmp\try5\IMG\right_2020_09_04_12_34_20_477.jpg,0,0,0,3.508395
D:\tmp\try5\IMG\center_2020_09_04_12_34_20_599.jpg,D:\tmp\try5\IMG\left_2020_09_04_12_34_20_599.jpg,D:\tmp\try5\IMG\right_2020_09_04_12_34_20_599.jpg,0,0,0,3.464597
D:\tmp\try5\IMG\center_2020_09_04_12_34_20_733.jpg,D:\tmp\try5\IMG\left_2020_09_04_12_34_20_733.jpg,D:\tmp\try5\IMG\right_2020_09_04_12_34_20_733.jpg,0,0,0,3.415399
D:\tmp\try5\IMG\center_2020_09_04_12_34_20_858.jpg,D:\tmp\try5\IMG\left_2020_09_04_12_34_20_858.jpg,D:\tmp\try5\IMG\right_2020_09_04_12_34_20_858.jpg,0,0,0,3.373771
D:\tmp\try5\IMG\center_2020_09_04_12_34_20_987.jpg,D:\tmp\try5\IMG\left_2020_09_04_12_34_20_987.jpg,D:\tmp\try5\IMG\right_2020_09_04_12_34_20_987.jpg,0.2,0,0,3.328627
D:\tmp\try5\IMG\center_2020_09_04_12_34_21_116.jpg,D:\tmp\try5\IMG\left_2020_09_04_12_34_21_116.jpg,D:\tmp\try5\IMG\right_2020_09_04_12_34_21_116.jpg,0.5500001,0,0,3.257893
D:\tmp\try5\IMG\center_2020_09_04_12_34_21_237.jpg,D:\tmp\try5\IMG\left_2020_09_04_12_34_21_237.jpg,D:\tmp\try5\IMG\right_2020_09_04_12_34_21_237.jpg,0.8500001,0,0,3.181029
D:\tmp\try5\IMG\center_2020_09_04_12_34_21_356.jpg,D:\tmp\try5\IMG\left_2020_09_04_12_34_21_356.jpg,D:\tmp\try5\IMG\right_2020_09_04_12_34_21_356.jpg,1,0,0,3.101249
D:\tmp\try5\IMG\center_2020_09_04_12_34_21_468.jpg,D:\tmp\try5\IMG\left_2020_09_04_12_34_21_468.jpg,D:\tmp\try5\IMG\right_2020_09_04_12_34_21_468.jpg,0,0,0,2.976708
D:\tmp\try5\IMG\center_2020_09_04_12_34_21_603.jpg,D:\tmp\try5\IMG\left_2020_09_04_12_34_21_603.jpg,D:\tmp\try5\IMG\right_2020_09_04_12_34_21_603.jpg,0,0,0,2.934165
D:\tmp\try5\IMG\center_2020_09_04_12_34_21_735.jpg,D:\tmp\try5\IMG\left_2020_09_04_12_34_21_735.jpg,D:\tmp\try5\IMG\right_2020_09_04_12_34_21_735.jpg,0,0.2137581,0,3.083609
D:\tmp\try5\IMG\center_2020_09_04_12_34_21_870.jpg,D:\tmp\try5\IMG\left_2020_09_04_12_34_21_870.jpg,D:\tmp\try5\IMG\right_2020_09_04_12_34_21_870.jpg,0,0.6148446,0,3.797395
D:\tmp\try5\IMG\center_2020_09_04_12_34_21_965.jpg,D:\tmp\try5\IMG\left_2020_09_04_12_34_21_965.jpg,D:\tmp\try5\IMG\right_2020_09_04_12_34_21_965.jpg,0,0.8233749,0,4.554017
D:\tmp\try5\IMG\center_2020_09_04_12_34_22_074.jpg,D:\tmp\try5\IMG\left_2020_09_04_12_34_22_074.jpg,D:\tmp\try5\IMG\right_2020_09_04_12_34_22_074.jpg,0,0.4187115,0,5.366395
D:\tmp\try5\IMG\center_2020_09_04_12_34_22_141.jpg,D:\tmp\try5\IMG\left_2020_09_04_12_34_22_141.jpg,D:\tmp\try5\IMG\right_2020_09_04_12_34_22_141.jpg,0,0.2182134,0,5.50317
D:\tmp\try5\IMG\center_2020_09_04_12_34_22_208.jpg,D:\tmp\try5\IMG\left_2020_09_04_12_34_22_208.jpg,D:\tmp\try5\IMG\right_2020_09_04_12_34_22_208.jpg,0,0.4238046,0,5.769753
D:\tmp\try5\IMG\center_2020_09_04_12_34_22_304.jpg,D:\tmp\try5\IMG\left_2020_09_04_12_34_22_304.jpg,D:\tmp\try5\IMG\right_2020_09_04_12_34_22_304.jpg,0,0.1413459,0,5.898616
D:\tmp\try5\IMG\center_2020_09_04_12_34_22_417.jpg,D:\tmp\try5\IMG\left_2020_09_04_12_34_22_417.jpg,D:\tmp\try5\IMG\right_2020_09_04_12_34_22_417.jpg,0,0.04469249,0,6.005434
D:\tmp\try5\IMG\center_2020_09_04_12_34_22_548.jpg,D:\tmp\try5\IMG\left_2020_09_04_12_34_22_548.jpg,D:\tmp\try5\IMG\right_2020_09_04_12_34_22_548.jpg,0,0,0,5.937177
D:\tmp\try5\IMG\center_2020_09_04_12_34_22_643.jpg,D:\tmp\try5\IMG\left_2020_09_04_12_34_22_643.jpg,D:\tmp\try5\IMG\right_2020_09_04_12_34_22_643.jpg,0,0,0,5.878815
D:\tmp\try5\IMG\center_2020_09_04_12_34_22_753.jpg,D:\tmp\try5\IMG\left_2020_09_04_12_34_22_753.jpg,D:\tmp\try5\IMG\right_2020_09_04_12_34_22_753.jpg,0,0,0,5.809805
D:\tmp\try5\IMG\center_2020_09_04_12_34_22_820.jpg,D:\tmp\try5\IMG\left_2020_09_04_12_34_22_820.jpg,D:\tmp\try5\IMG\right_2020_09_04_12_34_22_820.jpg,0,0,0,5.775726
D:\tmp\try5\IMG\center_2020_09_04_12_34_22_952.jpg,D:\tmp\try5\IMG\left_2020_09_04_12_34_22_952.jpg,D:\tmp\try5\IMG\right_2020_09_04_12_34_22_952.jpg,0,0,0,5.696835
D:\tmp\try5\IMG\center_2020_09_04_12_34_23_084.jpg,D:\tmp\try5\IMG\left_2020_09_04_12_34_23_084.jpg,D:\tmp\try5\IMG\right_2020_09_04_12_34_23_084.jpg,0,0,0,5.629751
D:\tmp\try5\IMG\center_2020_09_04_12_34_23_156.jpg,D:\tmp\try5\IMG\left_2020_09_04_12_34_23_156.jpg,D:\tmp\try5\IMG\right_2020_09_04_12_34_23_156.jpg,0,0,0,5.585162
D:\tmp\try5\IMG\center_2020_09_04_12_35_06_611.jpg,D:\tmp\try5\IMG\left_2020_09_04_12_35_06_611.jpg,D:\tmp\try5\IMG\right_2020_09_04_12_35_06_611.jpg,0,0,0,3.659443
D:\tmp\try5\IMG\center_2020_09_04_12_35_06_748.jpg,D:\tmp\try5\IMG\left_2020_09_04_12_35_06_748.jpg,D:\tmp\try5\IMG\right_2020_09_04_12_35_06_748.jpg,-0.3,0,0,3.600516
D:\tmp\try5\IMG\center_2020_09_04_12_35_06_876.jpg,D:\tmp\try5\IMG\left_2020_09_04_12_35_06_876.jpg,D:\tmp\try5\IMG\right_2020_09_04_12_35_06_876.jpg,-0.6500001,0,0,3.511817
D:\tmp\try5\IMG\center_2020_09_04_12_35_06_951.jpg,D:\tmp\try5\IMG\left_2020_09_04_12_35_06_951.jpg,D:\tmp\try5\IMG\right_2020_09_04_12_35_06_951.jpg,-0.8500001,0,0,3.450472
D:\tmp\try5\IMG\center_2020_09_04_12_35_07_077.jpg,D:\tmp\try5\IMG\left_2020_09_04_12_35_07_077.jpg,D:\tmp\try5\IMG\right_2020_09_04_12_35_07_077.jpg,-1,0,0,3.358411
D:\tmp\try5\IMG\center_2020_09_04_12_35_07_213.jpg,D:\tmp\try5\IMG\left_2020_09_04_12_35_07_213.jpg,D:\tmp\try5\IMG\right_2020_09_04_12_35_07_213.jpg,-1,0,0,3.285847
D:\tmp\try5\IMG\center_2020_09_04_12_35_07_287.jpg,D:\tmp\try5\IMG\left_2020_09_04_12_35_07_287.jpg,D:\tmp\try5\IMG\right_2020_09_04_12_35_07_287.jpg,-1,0,0,3.255838
D:\tmp\try5\IMG\center_2020_09_04_12_35_07_402.jpg,D:\tmp\try5\IMG\left_2020_09_04_12_35_07_402.jpg,D:\tmp\try5\IMG\right_2020_09_04_12_35_07_402.jpg,-1,0,0,3.196923
D:\tmp\try5\IMG\center_2020_09_04_12_35_07_483.jpg,D:\tmp\try5\IMG\left_2020_09_04_12_35_07_483.jpg,D:\tmp\try5\IMG\right_2020_09_04_12_35_07_483.jpg,-1,0,0,3.158447
D:\tmp\try5\IMG\center_2020_09_04_12_35_07_616.jpg,D:\tmp\try5\IMG\left_2020_09_04_12_35_07_616.jpg,D:\tmp\try5\IMG\right_2020_09_04_12_35_07_616.jpg,-1,0,0,3.092623
D:\tmp\try5\IMG\center_2020_09_04_12_35_07_730.jpg,D:\tmp\try5\IMG\left_2020_09_04_12_35_07_730.jpg,D:\tmp\try5\IMG\right_2020_09_04_12_35_07_730.jpg,-1,0,0,3.046759
D:\tmp\try5\IMG\center_2020_09_04_12_35_07_825.jpg,D:\tmp\try5\IMG\left_2020_09_04_12_35_07_825.jpg,D:\tmp\try5\IMG\right_2020_09_04_12_35_07_825.jpg,-1,0,0,3.001841
D:\tmp\try5\IMG\center_2020_09_04_12_35_07_924.jpg,D:\tmp\try5\IMG\left_2020_09_04_12_35_07_924.jpg,D:\tmp\try5\IMG\right_2020_09_04_12_35_07_924.jpg,-1,0,0,2.957849
D:\tmp\try5\IMG\center_2020_09_04_12_35_08_003.jpg,D:\tmp\try5\IMG\left_2020_09_04_12_35_08_003.jpg,D:\tmp\try5\IMG\right_2020_09_04_12_35_08_003.jpg,-1,0,0,2.923311
D:\tmp\try5\IMG\center_2020_09_04_12_35_08_116.jpg,D:\tmp\try5\IMG\left_2020_09_04_12_35_08_116.jpg,D:\tmp\try5\IMG\right_2020_09_04_12_35_08_116.jpg,-1,0,0,2.872578
D:\tmp\try5\IMG\center_2020_09_04_12_35_08_261.jpg,D:\tmp\try5\IMG\left_2020_09_04_12_35_08_261.jpg,D:\tmp\try5\IMG\right_2020_09_04_12_35_08_261.jpg,-1,0,0,2.814985
D:\tmp\try5\IMG\center_2020_09_04_12_35_08_370.jpg,D:\tmp\try5\IMG\left_2020_09_04_12_35_08_370.jpg,D:\tmp\try5\IMG\right_2020_09_04_12_35_08_370.jpg,-1,0.3318102,0,3.057167
D:\tmp\try5\IMG\center_2020_09_04_12_35_08_498.jpg,D:\tmp\try5\IMG\left_2020_09_04_12_35_08_498.jpg,D:\tmp\try5\IMG\right_2020_09_04_12_35_08_498.jpg,-1,0,0,3.151544
D:\tmp\try5\IMG\center_2020_09_04_12_35_08_636.jpg,D:\tmp\try5\IMG\left_2020_09_04_12_35_08_636.jpg,D:\tmp\try5\IMG\right_2020_09_04_12_35_08_636.jpg,-1,0,0,3.090949
D:\tmp\try5\IMG\center_2020_09_04_12_35_08_749.jpg,D:\tmp\try5\IMG\left_2020_09_04_12_35_08_749.jpg,D:\tmp\try5\IMG\right_2020_09_04_12_35_08_749.jpg,-1,0,0,3.048702
D:\tmp\try5\IMG\center_2020_09_04_12_35_08_875.jpg,D:\tmp\try5\IMG\left_2020_09_04_12_35_08_875.jpg,D:\tmp\try5\IMG\right_2020_09_04_12_35_08_875.jpg,0,0,0,2.919254
D:\tmp\try5\IMG\center_2020_09_04_12_35_09_000.jpg,D:\tmp\try5\IMG\left_2020_09_04_12_35_09_000.jpg,D:\tmp\try5\IMG\right_2020_09_04_12_35_09_000.jpg,0,0,0,2.885682
D:\tmp\try5\IMG\center_2020_09_04_12_35_09_122.jpg,D:\tmp\try5\IMG\left_2020_09_04_12_35_09_122.jpg,D:\tmp\try5\IMG\right_2020_09_04_12_35_09_122.jpg,0,0,0,2.852426
D:\tmp\try5\IMG\center_2020_09_04_12_35_09_249.jpg,D:\tmp\try5\IMG\left_2020_09_04_12_35_09_249.jpg,D:\tmp\try5\IMG\right_2020_09_04_12_35_09_249.jpg,0,0,0,2.819572
D:\tmp\try5\IMG\center_2020_09_04_12_35_09_373.jpg,D:\tmp\try5\IMG\left_2020_09_04_12_35_09_373.jpg,D:\tmp\try5\IMG\right_2020_09_04_12_35_09_373.jpg,0,0,0,2.781743
D:\tmp\try5\IMG\center_2020_09_04_12_35_09_498.jpg,D:\tmp\try5\IMG\left_2020_09_04_12_35_09_498.jpg,D:\tmp\try5\IMG\right_2020_09_04_12_35_09_498.jpg,0,0,0,2.749742
D:\tmp\try5\IMG\center_2020_09_04_12_35_09_625.jpg,D:\tmp\try5\IMG\left_2020_09_04_12_35_09_625.jpg,D:\tmp\try5\IMG\right_2020_09_04_12_35_09_625.jpg,0,0,0,2.718125
D:\tmp\try5\IMG\center_2020_09_04_12_35_09_747.jpg,D:\tmp\try5\IMG\left_2020_09_04_12_35_09_747.jpg,D:\tmp\try5\IMG\right_2020_09_04_12_35_09_747.jpg,0,0,0,2.686889
D:\tmp\try5\IMG\center_2020_09_04_12_35_09_871.jpg,D:\tmp\try5\IMG\left_2020_09_04_12_35_09_871.jpg,D:\tmp\try5\IMG\right_2020_09_04_12_35_09_871.jpg,0,0,0,2.650924
D:\tmp\try5\IMG\center_2020_09_04_12_35_09_997.jpg,D:\tmp\try5\IMG\left_2020_09_04_12_35_09_997.jpg,D:\tmp\try5\IMG\right_2020_09_04_12_35_09_997.jpg,0,0,0,2.620498
D:\tmp\try5\IMG\center_2020_09_04_12_35_10_368.jpg,D:\tmp\try5\IMG\left_2020_09_04_12_35_10_368.jpg,D:\tmp\try5\IMG\right_2020_09_04_12_35_10_368.jpg,0,0,0,2.590441
